Datum/Zeit, PM2.5,,GRIMM-392 Temp.,,GRIMM-392 Humidity,,GRIMM-392 Pressure,,GRIMM-392 W.Speed,,GRIMM-392 W.Direct,,GRIMM-392 GpsNorth,,GRIMM-392 GpsEast,,
01.08.2015 01:00,26.69,,25.51,,76.45,,"1,005.29",,0.09,,,,14.65,,121.05,,
01.08.2015 02:00,45.16,,24.70,,81.81,,"1,005.04",,0.24,,60.96,,14.65,,121.05,,
01.08.2015 03:00,64.47,,24.25,,84.87,,"1,004.29",,0.30,,37.89,,14.65,,121.05,,
01.08.2015 04:00,68.02,,23.90,,86.74,,"1,003.95",,0.12,,48.63,,14.65,,121.05,,
01.08.2015 05:00,72.34,,23.69,,87.43,,"1,004.24",,0.27,,52.72,,14.65,,121.05,,
01.08.2015 06:00,86.02,,23.74,,87.29,,"1,004.57",,0.38,,59.98,,14.65,,121.05,,
01.08.2015 07:00,62.84,,24.94,,82.24,,"1,005.07",,0.20,,38.85,,14.65,,121.05,,
01.08.2015 08:00,42.26,,27.36,,74.01,,"1,005.46",,0.42,,15.45,,14.65,,121.05,,
01.08.2015 09:00,35.17,,29.70,,66.85,,"1,005.68",,0.60,,334.60,,14.65,,121.05,,
01.08.2015 10:00,18.32,,30.89,,60.61,,"1,005.67",,0.71,,74.92,,14.65,,121.05,,
01.08.2015 11:00,13.42,,32.03,,56.20,,"1,005.47",,0.77,,140.54,,14.65,,121.05,,
01.08.2015 12:00,18.52,,32.32,,56.49,,"1,005.15",,0.60,,246.68,,14.65,,121.05,,
01.08.2015 13:00,20.12,,32.51,,58.85,,"1,004.72",,0.67,,179.04,,14.65,,121.05,,
01.08.2015 14:00,19.88,,31.97,,60.36,,"1,004.13",,0.63,,221.98,,14.65,,121.05,,
01.08.2015 15:00,21.50,,26.86,,88.01,,"1,004.12",,0.80,,172.32,,14.65,,121.05,,
01.08.2015 16:00,15.89,,23.98,,94.75,,"1,003.93",,0.67,,220.24,,14.65,,121.05,,
01.08.2015 17:00,26.60,,24.77,,94.23,,"1,003.63",,0.34,,161.28,,14.65,,121.05,,
01.08.2015 18:00,41.20,,25.39,,94.92,,"1,003.92",,0.24,,165.03,,14.65,,121.05,,
01.08.2015 19:00,42.66,,25.48,,94.39,,"1,004.28",,0.13,,43.20,,14.65,,121.05,,
01.08.2015 20:00,63.13,,25.54,,94.46,,"1,004.83",,0.14,,178.69,,14.65,,121.05,,
01.08.2015 21:00,82.54,,25.52,,95.17,,"1,004.97",,0.24,,62.34,,14.65,,121.05,,
01.08.2015 22:00,96.66,,25.87,,94.53,,"1,005.65",,0.14,,49.59,,14.65,,121.05,,
01.08.2015 23:00,97.83,,26.03,,94.14,,"1,006.17",,0.15,,45.65,,14.65,,121.05,,
02.08.2015 00:00,100.25,,25.94,,94.46,,"1,005.85",,0.19,,205.70,,14.65,,121.05,,
02.08.2015 01:00,100.35,,25.62,,95.48,,"1,005.34",,0.18,,58.90,,14.65,,121.05,,
02.08.2015 02:00,100.05,,25.42,,95.91,,"1,005.19",,0.16,,142.46,,14.65,,121.05,,
02.08.2015 03:00,69.89,,25.14,,95.30,,"1,004.74",,0.19,,41.13,,14.65,,121.05,,
02.08.2015 04:00,54.81,,24.92,,95.20,,"1,004.55",,0.09,,195.30,,14.65,,121.05,,
02.08.2015 05:00,29.06,,24.80,,95.52,,"1,004.75",,0.25,,171.12,,14.65,,121.05,,
02.08.2015 06:00,39.74,,24.72,,96.86,,"1,005.03",,0.14,,172.75,,14.65,,121.05,,
02.08.2015 07:00,32.22,,25.05,,94.24,,"1,005.16",,0.21,,181.49,,14.65,,121.05,,
02.08.2015 08:00,15.95,,26.74,,86.55,,"1,005.42",,0.50,,345.11,,14.65,,121.05,,
02.08.2015 09:00,18.77,,27.71,,81.78,,"1,005.98",,0.48,,326.38,,14.65,,121.05,,
02.08.2015 10:00,11.27,,28.27,,77.96,,"1,006.32",,0.68,,347.70,,14.65,,121.05,,
02.08.2015 11:00,10.05,,27.91,,79.24,,"1,006.65",,0.84,,172.87,,14.65,,121.05,,
02.08.2015 12:00,11.52,,28.49,,78.66,,"1,006.11",,0.93,,177.94,,14.65,,121.05,,
02.08.2015 13:00,6.29,,29.80,,71.96,,"1,005.13",,1.01,,340.77,,14.65,,121.05,,
02.08.2015 14:00,6.11,,30.48,,68.70,,"1,004.72",,0.80,,181.59,,14.65,,121.05,,
02.08.2015 15:00,7.19,,27.32,,82.70,,"1,004.46",,0.81,,165.86,,14.65,,121.05,,
02.08.2015 16:00,10.51,,29.24,,77.25,,"1,003.63",,0.46,,320.11,,14.65,,121.05,,
02.08.2015 17:00,8.56,,30.49,,68.99,,"1,003.59",,0.50,,91.74,,14.65,,121.05,,
02.08.2015 18:00,9.69,,30.36,,67.96,,"1,003.82",,0.45,,218.90,,14.65,,121.05,,
02.08.2015 19:00,14.73,,29.21,,75.22,,"1,004.19",,0.29,,182.91,,14.65,,121.05,,
02.08.2015 20:00,17.41,,28.39,,79.26,,"1,004.82",,0.13,,168.74,,14.65,,121.05,,
02.08.2015 21:00,43.02,,27.83,,83.09,,"1,005.25",,0.12,,51.47,,14.65,,121.05,,
02.08.2015 22:00,58.31,,27.21,,86.95,,"1,005.66",,0.13,,,,14.65,,121.05,,
02.08.2015 23:00,53.88,,26.78,,89.49,,"1,005.99",,0.19,,187.75,,14.65,,121.05,,
03.08.2015 00:00,58.91,,26.31,,91.55,,"1,005.99",,0.21,,42.77,,14.65,,121.05,,
03.08.2015 01:00,50.77,,26.08,,91.33,,"1,005.54",,0.14,,36.30,,14.65,,121.05,,
03.08.2015 02:00,42.50,,25.63,,92.38,,"1,005.06",,0.12,,195.20,,14.65,,121.05,,
03.08.2015 03:00,40.00,,25.26,,93.46,,"1,004.73",,0.10,,185.58,,14.65,,121.05,,
03.08.2015 04:00,35.59,,25.02,,93.47,,"1,004.37",,0.24,,26.75,,14.65,,121.05,,
03.08.2015 05:00,32.82,,24.79,,93.04,,"1,004.27",,0.16,,148.36,,14.65,,121.05,,
03.08.2015 06:00,38.55,,24.72,,92.78,,"1,004.64",,0.11,,162.27,,14.65,,121.05,,
03.08.2015 07:00,39.34,,25.70,,87.36,,"1,005.21",,0.20,,214.78,,14.65,,121.05,,
03.08.2015 08:00,27.73,,28.04,,76.86,,"1,005.50",,0.41,,20.36,,14.65,,121.05,,
03.08.2015 09:00,19.14,,30.09,,67.67,,"1,005.75",,0.50,,100.01,,14.65,,121.05,,
03.08.2015 10:00,11.97,,31.41,,62.09,,"1,005.67",,0.74,,118.09,,14.65,,121.05,,
03.08.2015 11:00,19.81,,31.85,,61.11,,"1,005.35",,0.61,,205.57,,14.65,,121.05,,
03.08.2015 12:00,30.49,,31.82,,64.27,,"1,004.91",,0.58,,327.09,,14.65,,121.05,,
03.08.2015 13:00,31.73,,31.17,,67.83,,"1,004.24",,0.35,,181.00,,14.65,,121.05,,
03.08.2015 14:00,24.97,,32.42,,63.78,,"1,003.16",,0.66,,172.40,,14.65,,121.05,,
03.08.2015 15:00,23.06,,26.83,,91.10,,"1,003.07",,0.77,,20.96,,14.65,,121.05,,
03.08.2015 16:00,33.63,,26.13,,93.83,,"1,002.74",,0.34,,19.90,,14.65,,121.05,,
03.08.2015 17:00,47.22,,27.03,,91.83,,"1,002.38",,0.31,,47.40,,14.65,,121.05,,
03.08.2015 18:00,50.37,,27.22,,90.66,,"1,002.48",,0.21,,133.58,,14.65,,121.05,,
03.08.2015 19:00,52.16,,26.85,,91.87,,"1,003.03",,0.08,,52.23,,14.65,,121.05,,
03.08.2015 20:00,48.16,,26.53,,90.96,,"1,003.70",,0.13,,50.05,,14.65,,121.05,,
03.08.2015 21:00,69.38,,26.59,,92.15,,"1,004.42",,0.21,,61.56,,14.65,,121.05,,
03.08.2015 22:00,62.17,,26.42,,92.80,,"1,004.88",,0.16,,38.49,,14.65,,121.05,,
03.08.2015 23:00,71.75,,26.16,,93.85,,"1,004.99",,0.18,,58.47,,14.65,,121.05,,
04.08.2015 00:00,46.30,,25.87,,93.13,,"1,004.70",,0.17,,48.77,,14.65,,121.05,,
04.08.2015 01:00,33.33,,25.36,,93.64,,"1,004.34",,0.26,,50.83,,14.65,,121.05,,
04.08.2015 02:00,41.40,,25.07,,94.43,,"1,003.68",,0.17,,59.33,,14.65,,121.05,,
04.08.2015 03:00,40.88,,24.76,,95.11,,"1,003.56",,0.17,,137.24,,14.65,,121.05,,
04.08.2015 04:00,38.84,,24.57,,94.93,,"1,003.32",,0.11,,28.47,,14.65,,121.05,,
04.08.2015 05:00,47.69,,24.44,,95.03,,"1,003.42",,0.04,,,,14.65,,121.05,,
04.08.2015 06:00,45.97,,24.51,,93.85,,"1,003.29",,0.13,,56.31,,14.65,,121.05,,
04.08.2015 07:00,37.71,,25.56,,90.13,,"1,003.66",,0.17,,294.77,,14.65,,121.05,,
04.08.2015 08:00,36.42,,28.21,,81.40,,"1,003.85",,0.43,,157.64,,14.65,,121.05,,
04.08.2015 09:00,25.46,,29.95,,74.24,,"1,003.88",,0.50,,345.92,,14.65,,121.05,,
04.08.2015 10:00,34.27,,30.18,,71.75,,"1,003.85",,0.46,,150.25,,14.65,,121.05,,
04.08.2015 11:00,34.50,,30.92,,70.12,,"1,003.67",,0.57,,11.33,,14.65,,121.05,,
04.08.2015 12:00,30.64,,31.96,,65.65,,"1,003.07",,0.68,,299.29,,14.65,,121.05,,
04.08.2015 13:00,30.84,,32.39,,65.49,,"1,002.34",,0.69,,178.06,,14.65,,121.05,,
04.08.2015 14:00,29.30,,33.05,,60.54,,"1,001.24",,0.76,,272.81,,14.65,,121.05,,
04.08.2015 15:00,23.04,,33.60,,58.17,,"1,000.37",,0.78,,246.53,,14.65,,121.05,,
04.08.2015 16:00,26.64,,28.00,,81.24,,"1,000.20",,0.72,,201.41,,14.65,,121.05,,
04.08.2015 17:00,42.23,,29.36,,82.71,,"1,000.12",,0.29,,295.53,,14.65,,121.05,,
04.08.2015 18:00,42.03,,29.33,,80.27,,"1,000.09",,0.29,,186.65,,14.65,,121.05,,
04.08.2015 19:00,66.33,,28.29,,84.09,,"1,000.70",,0.33,,49.83,,14.65,,121.05,,
04.08.2015 20:00,43.75,,28.71,,80.78,,"1,001.86",,0.33,,86.54,,14.65,,121.05,,
04.08.2015 21:00,13.76,,28.79,,76.05,,"1,002.91",,0.67,,129.73,,14.65,,121.05,,
04.08.2015 22:00,16.05,,27.06,,79.77,,"1,003.72",,0.68,,242.65,,14.65,,121.05,,
04.08.2015 23:00,21.87,,24.66,,95.72,,"1,004.07",,0.68,,184.82,,14.65,,121.05,,
05.08.2015 00:00,21.16,,24.45,,96.54,,"1,003.68",,0.36,,257.95,,14.65,,121.05,,
05.08.2015 01:00,18.76,,24.62,,96.36,,"1,002.67",,0.25,,114.71,,14.65,,121.05,,
05.08.2015 02:00,25.53,,24.44,,96.86,,"1,002.29",,0.16,,299.07,,14.65,,121.05,,
05.08.2015 03:00,34.98,,24.37,,97.27,,"1,001.89",,0.15,,25.38,,14.65,,121.05,,
05.08.2015 04:00,43.34,,24.45,,97.05,,"1,001.50",,0.14,,197.13,,14.65,,121.05,,
05.08.2015 05:00,40.44,,24.57,,96.36,,"1,001.71",,0.20,,22.11,,14.65,,121.05,,
05.08.2015 06:00,52.89,,24.47,,96.60,,"1,001.80",,0.12,,164.83,,14.65,,121.05,,
05.08.2015 07:00,46.72,,25.13,,95.48,,"1,002.02",,0.15,,131.12,,14.65,,121.05,,
05.08.2015 08:00,48.86,,26.44,,90.27,,"1,002.24",,0.27,,35.17,,14.65,,121.05,,
05.08.2015 09:00,30.92,,28.75,,80.66,,"1,002.26",,0.38,,124.06,,14.65,,121.05,,
05.08.2015 10:00,33.28,,30.08,,74.76,,"1,001.87",,0.62,,193.94,,14.65,,121.05,,
05.08.2015 11:00,27.33,,31.37,,69.22,,"1,001.56",,0.68,,258.20,,14.65,,121.05,,
05.08.2015 12:00,21.25,,31.83,,65.15,,"1,001.07",,0.81,,25.99,,14.65,,121.05,,
05.08.2015 13:00,15.72,,32.51,,60.34,,"1,000.08",,0.79,,83.05,,14.65,,121.05,,
05.08.2015 14:00,21.06,,32.80,,62.17,,999.04,,0.80,,256.47,,14.65,,121.05,,
05.08.2015 15:00,20.33,,32.67,,62.25,,998.42,,0.69,,306.81,,14.65,,121.05,,
05.08.2015 16:00,21.52,,32.99,,62.67,,998.02,,0.71,,244.76,,14.65,,121.05,,
05.08.2015 17:00,17.37,,32.25,,65.76,,998.22,,0.70,,232.22,,14.65,,121.05,,
05.08.2015 18:00,18.97,,30.85,,70.11,,998.66,,0.54,,284.88,,14.65,,121.05,,
05.08.2015 19:00,19.00,,30.17,,73.83,,999.37,,0.46,,227.59,,14.65,,121.05,,
05.08.2015 20:00,44.94,,29.47,,73.64,,"1,000.06",,0.44,,193.17,,14.65,,121.05,,
05.08.2015 21:00,53.76,,28.62,,75.42,,"1,000.42",,0.43,,198.91,,14.65,,121.05,,
05.08.2015 22:00,50.11,,28.53,,76.44,,"1,000.51",,0.45,,349.05,,14.65,,121.05,,
05.08.2015 23:00,24.17,,27.27,,84.74,,"1,000.78",,0.65,,137.41,,14.65,,121.05,,
06.08.2015 00:00,29.57,,26.03,,94.74,,"1,000.07",,0.35,,169.83,,14.65,,121.05,,
06.08.2015 01:00,25.91,,25.86,,93.83,,999.86,,0.31,,299.33,,14.65,,121.05,,
06.08.2015 02:00,35.58,,25.73,,95.01,,999.35,,0.28,,13.05,,14.65,,121.05,,
06.08.2015 03:00,43.86,,25.67,,94.89,,999.09,,0.23,,188.54,,14.65,,121.05,,
06.08.2015 04:00,31.81,,25.76,,93.27,,999.06,,0.11,,169.37,,14.65,,121.05,,
06.08.2015 05:00,35.74,,25.49,,95.05,,999.21,,0.17,,187.61,,14.65,,121.05,,
06.08.2015 06:00,43.85,,25.35,,95.47,,999.55,,0.24,,57.46,,14.65,,121.05,,
06.08.2015 07:00,52.52,,26.03,,92.83,,"1,000.14",,0.13,,73.86,,14.65,,121.05,,
06.08.2015 08:00,34.15,,28.02,,82.63,,"1,000.27",,0.32,,178.86,,14.65,,121.05,,
06.08.2015 09:00,27.80,,29.49,,74.77,,"1,000.17",,0.34,,196.46,,14.65,,121.05,,
06.08.2015 10:00,31.03,,29.95,,74.03,,999.66,,0.51,,184.93,,14.65,,121.05,,
06.08.2015 11:00,22.01,,31.69,,66.44,,998.83,,0.67,,229.43,,14.65,,121.05,,
06.08.2015 12:00,16.88,,32.51,,62.29,,998.56,,0.82,,235.88,,14.65,,121.05,,
06.08.2015 13:00,11.99,,32.61,,63.17,,998.17,,0.92,,219.50,,14.65,,121.05,,
06.08.2015 14:00,11.31,,32.08,,68.17,,997.76,,0.83,,214.36,,14.65,,121.05,,
06.08.2015 15:00,12.36,,32.61,,67.03,,997.05,,0.96,,216.12,,14.65,,121.05,,
06.08.2015 16:00,12.22,,31.75,,69.76,,997.03,,0.76,,248.09,,14.65,,121.05,,
06.08.2015 17:00,15.57,,28.63,,83.64,,997.45,,0.77,,308.67,,14.65,,121.05,,
06.08.2015 18:00,13.37,,25.84,,86.40,,998.01,,0.53,,182.87,,14.65,,121.05,,
06.08.2015 19:00,21.82,,26.59,,86.12,,998.33,,0.42,,32.47,,14.65,,121.05,,
06.08.2015 20:00,29.75,,26.79,,85.89,,998.53,,0.55,,108.70,,14.65,,121.05,,
06.08.2015 21:00,37.34,,26.10,,94.76,,999.08,,0.20,,51.52,,14.65,,121.05,,
06.08.2015 22:00,36.08,,26.19,,95.41,,999.33,,0.17,,21.87,,14.65,,121.05,,
06.08.2015 23:00,36.39,,26.11,,94.36,,999.15,,0.25,,102.69,,14.65,,121.05,,
Datum/Zeit, PM2.5,,GRIMM-392 Temp.,,GRIMM-392 Humidity,,GRIMM-392 Pressure,,GRIMM-392 W.Speed,,GRIMM-392 W.Direct,,GRIMM-392 GpsNorth,,GRIMM-392 GpsEast,,
07.08.2015 00:00,35.72,,26.19,,93.62,,999.07,,0.23,,148.57,,14.65,,121.05,,
07.08.2015 01:00,17.64,,25.43,,93.80,,998.86,,0.40,,121.57,,14.65,,121.05,,
07.08.2015 02:00,17.67,,24.58,,95.83,,998.28,,0.21,,171.53,,14.65,,121.05,,
07.08.2015 03:00,23.26,,24.75,,95.46,,997.82,,0.12,,29.66,,14.65,,121.05,,
07.08.2015 04:00,31.22,,24.43,,95.56,,997.55,,0.18,,48.81,,14.65,,121.05,,
07.08.2015 05:00,41.00,,24.43,,95.92,,997.44,,0.17,,49.64,,14.65,,121.05,,
07.08.2015 06:00,40.88,,24.98,,95.75,,997.95,,0.14,,40.53,,14.65,,121.05,,
07.08.2015 07:00,37.20,,25.85,,93.32,,998.54,,0.22,,121.50,,14.65,,121.05,,
07.08.2015 08:00,31.01,,27.83,,85.56,,999.15,,0.32,,192.28,,14.65,,121.05,,
07.08.2015 09:00,27.60,,29.59,,76.74,,999.08,,0.52,,174.06,,14.65,,121.05,,
07.08.2015 10:00,17.30,,31.15,,65.86,,998.94,,0.80,,105.73,,14.65,,121.05,,
07.08.2015 11:00,13.20,,32.32,,58.22,,998.75,,0.93,,336.88,,14.65,,121.05,,
07.08.2015 12:00,13.47,,32.23,,61.73,,998.39,,0.96,,309.80,,14.65,,121.05,,
07.08.2015 13:00,11.86,,32.80,,60.59,,997.84,,0.95,,205.77,,14.65,,121.05,,
07.08.2015 14:00,12.79,,33.16,,62.34,,997.14,,0.86,,248.73,,14.65,,121.05,,
07.08.2015 15:00,12.92,,32.87,,63.42,,996.76,,0.87,,213.50,,14.65,,121.05,,
07.08.2015 16:00,12.48,,32.81,,61.76,,996.61,,1.03,,226.55,,14.65,,121.05,,
07.08.2015 17:00,12.32,,31.86,,65.95,,996.72,,0.98,,200.06,,14.65,,121.05,,
07.08.2015 18:00,13.88,,30.55,,72.80,,997.44,,0.95,,208.35,,14.65,,121.05,,
07.08.2015 19:00,16.15,,30.00,,73.94,,998.01,,0.85,,217.08,,14.65,,121.04,,
07.08.2015 20:00,16.43,,29.69,,72.43,,998.64,,0.79,,192.70,,14.65,,121.04,,
07.08.2015 21:00,15.59,,29.45,,71.22,,999.39,,0.70,,212.70,,14.65,,121.04,,
07.08.2015 22:00,15.05,,29.15,,71.34,,999.76,,0.63,,208.17,,14.65,,121.04,,
07.08.2015 23:00,18.09,,28.93,,72.78,,999.86,,0.56,,251.24,,14.65,,121.05,,
08.08.2015 00:00,15.68,,28.75,,74.36,,999.30,,0.59,,217.82,,14.65,,121.05,,
08.08.2015 01:00,15.48,,28.42,,77.08,,998.64,,0.42,,235.89,,14.65,,121.05,,
08.08.2015 02:00,16.19,,28.18,,77.12,,998.26,,0.25,,233.88,,14.65,,121.05,,
08.08.2015 03:00,16.34,,28.07,,77.72,,998.20,,0.24,,142.69,,14.65,,121.05,,
08.08.2015 04:00,22.26,,27.78,,79.92,,997.88,,0.23,,44.26,,14.65,,121.05,,
08.08.2015 05:00,32.83,,27.44,,81.98,,998.26,,0.26,,44.41,,14.65,,121.05,,
08.08.2015 06:00,29.70,,27.35,,81.55,,998.77,,0.38,,56.83,,14.65,,121.05,,
08.08.2015 07:00,25.43,,28.18,,79.30,,999.34,,0.37,,141.98,,14.65,,121.05,,
08.08.2015 08:00,16.98,,29.49,,74.49,,"1,000.12",,0.41,,183.84,,14.65,,121.05,,
08.08.2015 09:00,11.66,,30.96,,69.81,,"1,000.35",,0.80,,204.03,,14.65,,121.05,,
08.08.2015 10:00,10.48,,30.30,,74.63,,"1,000.51",,0.83,,223.43,,14.65,,121.05,,
08.08.2015 11:00,10.83,,29.93,,75.04,,"1,000.82",,0.74,,214.89,,14.65,,121.05,,
08.08.2015 12:00,9.94,,30.84,,70.94,,"1,000.39",,0.87,,202.59,,14.65,,121.05,,
08.08.2015 13:00,8.55,,30.48,,73.11,,"1,000.14",,0.93,,202.15,,14.65,,121.05,,
08.08.2015 14:00,8.40,,31.14,,70.82,,999.26,,1.01,,234.67,,14.65,,121.05,,
08.08.2015 15:00,7.92,,31.53,,68.28,,998.75,,1.05,,227.61,,14.65,,121.05,,
08.08.2015 16:00,8.85,,31.04,,70.19,,998.37,,0.94,,234.74,,14.65,,121.05,,
08.08.2015 17:00,9.49,,30.94,,70.16,,998.32,,0.90,,234.88,,14.65,,121.05,,
08.08.2015 18:00,10.94,,29.77,,74.36,,998.86,,0.94,,220.62,,14.65,,121.05,,
08.08.2015 19:00,11.26,,29.24,,75.93,,999.77,,0.64,,199.96,,14.65,,121.05,,
08.08.2015 20:00,14.11,,29.16,,76.75,,"1,000.84",,0.44,,204.96,,14.65,,121.05,,
08.08.2015 21:00,11.97,,28.18,,81.76,,"1,001.37",,0.55,,227.21,,14.65,,121.05,,
08.08.2015 22:00,20.80,,26.70,,88.83,,"1,001.55",,0.35,,200.16,,14.65,,121.05,,
08.08.2015 23:00,24.55,,26.73,,89.99,,"1,001.56",,0.33,,74.72,,14.65,,121.05,,
09.08.2015 00:00,21.96,,26.86,,87.98,,"1,001.56",,0.38,,113.62,,14.65,,121.05,,
09.08.2015 01:00,22.24,,27.19,,87.05,,"1,000.96",,0.31,,97.44,,14.65,,121.05,,
09.08.2015 02:00,11.40,,27.63,,84.51,,"1,000.38",,0.42,,158.37,,14.65,,121.05,,
09.08.2015 03:00,9.80,,27.53,,84.94,,"1,000.08",,0.27,,149.31,,14.65,,121.05,,
09.08.2015 04:00,9.66,,27.41,,84.99,,999.91,,0.27,,144.97,,14.65,,121.05,,
09.08.2015 05:00,9.36,,27.27,,85.46,,"1,000.00",,0.39,,122.04,,14.65,,121.05,,
09.08.2015 06:00,10.23,,27.35,,84.09,,"1,000.60",,0.42,,145.12,,14.65,,121.05,,
09.08.2015 07:00,11.16,,27.80,,80.87,,"1,001.01",,0.32,,142.74,,14.65,,121.05,,
09.08.2015 08:00,9.05,,29.10,,75.48,,"1,001.90",,0.59,,171.32,,14.65,,121.05,,
09.08.2015 09:00,9.75,,29.64,,73.32,,"1,002.30",,0.79,,175.50,,14.65,,121.05,,
09.08.2015 10:00,7.50,,29.50,,75.78,,"1,002.54",,0.81,,192.87,,14.65,,121.05,,
09.08.2015 11:00,10.40,,27.08,,88.57,,"1,002.78",,0.46,,240.56,,14.65,,121.05,,
09.08.2015 12:00,14.82,,26.01,,94.97,,"1,002.94",,0.35,,203.26,,14.65,,121.05,,
09.08.2015 13:00,15.08,,26.11,,94.76,,"1,002.81",,0.28,,133.61,,14.65,,121.05,,
09.08.2015 14:00,23.40,,25.99,,95.56,,"1,002.08",,0.38,,329.91,,14.65,,121.05,,
09.08.2015 15:00,18.00,,26.42,,92.76,,"1,001.11",,0.53,,326.30,,14.65,,121.05,,
09.08.2015 16:00,13.38,,27.47,,86.88,,"1,000.76",,0.31,,179.04,,14.65,,121.05,,
09.08.2015 17:00,12.67,,27.92,,83.76,,"1,001.16",,0.33,,197.08,,14.65,,121.05,,
09.08.2015 18:00,13.23,,27.49,,86.19,,"1,001.65",,0.21,,192.42,,14.65,,121.05,,
09.08.2015 19:00,21.96,,26.48,,93.83,,"1,002.46",,0.41,,115.36,,14.65,,121.05,,
09.08.2015 20:00,20.38,,25.96,,94.85,,"1,002.94",,0.23,,178.40,,14.65,,121.05,,
09.08.2015 21:00,28.86,,25.94,,95.98,,"1,003.69",,0.19,,176.59,,14.65,,121.05,,
09.08.2015 22:00,37.16,,25.82,,96.34,,"1,003.99",,0.10,,57.13,,14.65,,121.05,,
09.08.2015 23:00,33.62,,25.85,,96.17,,"1,004.09",,0.10,,43.72,,14.65,,121.05,,
10.08.2015 00:00,28.39,,25.95,,95.57,,"1,004.18",,0.12,,162.52,,14.65,,121.05,,
10.08.2015 01:00,22.56,,25.80,,96.37,,"1,003.70",,0.26,,77.42,,14.65,,121.05,,
10.08.2015 02:00,24.94,,25.80,,96.32,,"1,003.09",,0.25,,82.22,,14.65,,121.05,,
10.08.2015 03:00,15.21,,25.83,,96.27,,"1,003.27",,0.33,,215.18,,14.65,,121.05,,
10.08.2015 04:00,10.47,,25.39,,97.78,,"1,003.19",,0.22,,201.60,,14.65,,121.05,,
10.08.2015 05:00,15.76,,25.49,,97.59,,"1,003.39",,0.19,,113.27,,14.65,,121.05,,
10.08.2015 06:00,15.92,,25.50,,97.80,,"1,003.93",,0.29,,90.45,,14.65,,121.05,,
10.08.2015 07:00,18.30,,25.86,,95.81,,"1,004.26",,0.23,,139.57,,14.65,,121.05,,
10.08.2015 08:00,21.13,,26.85,,90.90,,"1,004.74",,0.28,,121.29,,14.65,,121.05,,
10.08.2015 09:00,17.46,,27.39,,88.18,,"1,005.28",,0.35,,163.11,,14.65,,121.05,,
10.08.2015 10:00,9.39,,28.31,,83.33,,"1,005.40",,0.56,,174.45,,14.65,,121.05,,
10.08.2015 11:00,10.35,,29.47,,78.99,,"1,005.45",,0.75,,199.84,,14.65,,121.05,,
10.08.2015 12:00,8.92,,29.54,,78.76,,"1,005.16",,0.57,,124.81,,14.65,,121.05,,
10.08.2015 13:00,6.96,,30.30,,74.30,,"1,004.55",,0.77,,228.75,,14.65,,121.05,,
10.08.2015 14:00,7.05,,31.54,,68.63,,"1,003.99",,0.93,,219.78,,14.65,,121.05,,
10.08.2015 15:00,8.11,,31.32,,69.26,,"1,003.68",,0.82,,224.57,,14.65,,121.05,,
10.08.2015 16:00,8.58,,31.09,,69.16,,"1,003.70",,1.05,,232.31,,14.65,,121.05,,
10.08.2015 17:00,9.40,,29.76,,75.04,,"1,003.99",,0.93,,242.56,,14.65,,121.05,,
10.08.2015 18:00,12.69,,28.70,,76.46,,"1,004.47",,0.66,,272.91,,14.65,,121.05,,
10.08.2015 19:00,14.17,,28.03,,79.80,,"1,005.08",,0.43,,164.24,,14.65,,121.05,,
10.08.2015 20:00,16.96,,27.70,,81.60,,"1,005.40",,0.33,,132.69,,14.65,,121.05,,
10.08.2015 21:00,23.35,,27.00,,83.97,,"1,005.94",,0.22,,146.56,,14.65,,121.05,,
10.08.2015 22:00,37.11,,26.97,,86.03,,"1,006.66",,0.30,,169.90,,14.65,,121.05,,
10.08.2015 23:00,42.78,,26.62,,88.03,,"1,006.93",,0.20,,154.42,,14.65,,121.05,,
11.08.2015 00:00,33.36,,26.35,,88.59,,"1,006.53",,0.13,,,,14.65,,121.05,,
11.08.2015 01:00,38.15,,26.10,,90.07,,"1,006.29",,0.16,,57.27,,14.65,,121.05,,
11.08.2015 02:00,39.64,,25.90,,91.13,,"1,005.91",,0.07,,54.59,,14.65,,121.05,,
11.08.2015 03:00,33.14,,25.73,,90.64,,"1,005.73",,0.10,,51.59,,14.65,,121.05,,
11.08.2015 04:00,31.47,,25.39,,90.89,,"1,005.42",,0.15,,130.99,,14.65,,121.05,,
11.08.2015 05:00,24.29,,25.36,,89.08,,"1,005.14",,0.09,,26.78,,14.65,,121.05,,
11.08.2015 06:00,26.30,,25.16,,89.85,,"1,005.23",,0.07,,56.68,F,14.65,,121.05,,
11.08.2015 07:00,42.80,,25.93,,88.29,,"1,005.70",,0.10,,228.80,,14.65,,121.05,,
11.08.2015 08:00,42.29,,28.01,,79.56,,"1,006.49",,0.30,,24.59,,14.65,,121.05,,
11.08.2015 09:00,31.68,,29.63,,73.03,,"1,006.96",,0.53,,170.38,,14.65,,121.05,,
11.08.2015 10:00,40.64,,30.99,,68.09,,"1,007.15",,0.67,,169.87,,14.65,,121.05,,
11.08.2015 11:00,29.21,,32.25,,61.96,,"1,007.01",,0.72,,13.34,,14.65,,121.05,,
11.08.2015 12:00,17.21,,33.03,,58.78,,"1,006.41",,0.82,,269.82,,14.65,,121.05,,
11.08.2015 13:00,16.75,,33.25,,58.07,,"1,005.73",,0.97,,269.22,,14.65,,121.05,,
11.08.2015 14:00,15.28,,33.46,,57.76,,"1,005.23",,0.96,,275.88,,14.65,,121.05,,
11.08.2015 15:00,12.67,,33.40,,57.78,,"1,004.69",,0.78,,220.41,,14.65,,121.05,,
11.08.2015 16:00,15.73,,33.60,,57.30,,"1,004.16",,0.84,,240.00,,14.65,,121.05,,
11.08.2015 17:00,16.77,,32.73,,60.98,,"1,004.34",,0.80,,230.70,,14.65,,121.05,,
11.08.2015 18:00,16.90,,31.30,,67.55,,"1,004.89",,0.59,,242.22,,14.65,,121.05,,
11.08.2015 19:00,19.78,,29.85,,75.88,,"1,005.74",,0.37,,252.60,,14.65,,121.05,,
11.08.2015 20:00,29.88,,28.24,,86.31,,"1,006.19",,0.29,,25.67,,14.65,,121.05,,
11.08.2015 21:00,44.13,,27.65,,91.31,,"1,006.65",,0.49,,61.10,,14.65,,121.05,,
11.08.2015 22:00,46.41,,27.49,,88.76,,"1,007.12",,0.12,,201.42,,14.65,,121.05,,
11.08.2015 23:00,53.28,,27.32,,90.38,,"1,007.03",,0.16,,161.64,,14.65,,121.05,,
12.08.2015 00:00,49.51,,27.30,,89.41,,"1,006.65",,0.24,,192.58,,14.65,,121.05,,
12.08.2015 01:00,41.03,,27.09,,90.14,,"1,006.05",,0.18,,34.11,,14.65,,121.05,,
12.08.2015 02:00,35.56,,26.64,,90.63,,"1,005.33",,0.20,,212.11,,14.65,,121.05,,
12.08.2015 03:00,41.85,,26.16,,92.66,,"1,004.68",,0.18,,179.45,,14.65,,121.05,,
12.08.2015 04:00,44.24,,26.08,,92.73,,"1,004.63",,0.15,,188.47,,14.65,,121.05,,
12.08.2015 05:00,51.68,,25.85,,93.32,,"1,004.93",,0.22,,37.54,,14.65,,121.05,,
12.08.2015 06:00,58.74,,25.91,,93.51,,"1,005.63",,0.15,,189.32,,14.65,,121.05,,
12.08.2015 07:00,57.15,,26.67,,89.72,,"1,006.39",,0.29,,160.92,,14.65,,121.05,,
12.08.2015 08:00,58.54,,27.69,,85.53,,"1,007.11",,0.55,,327.56,,14.65,,121.05,,
12.08.2015 09:00,54.74,,29.20,,80.77,,"1,007.52",,0.53,,336.44,,14.65,,121.05,,
12.08.2015 10:00,50.71,,30.63,,75.25,,"1,007.33",,0.68,,171.82,,14.65,,121.05,,
12.08.2015 11:00,18.29,,25.58,,90.72,,"1,007.87",,0.99,,97.98,,14.65,,121.05,,
12.08.2015 12:00,28.30,,24.65,,97.43,,"1,007.58",,0.52,,30.25,,14.65,,121.05,,
12.08.2015 13:00,32.90,,24.92,,95.77,,"1,007.07",,0.53,,160.72,,14.65,,121.05,,
12.08.2015 14:00,22.98,,25.45,,94.06,,"1,006.54",,0.52,,319.40,,14.65,,121.05,,
12.08.2015 15:00,20.03,,26.70,,90.04,,"1,005.50",,0.55,,336.61,,14.65,,121.05,,
12.08.2015 16:00,16.68,,28.66,,79.31,,"1,004.83",,0.52,,156.63,,14.65,,121.05,,
12.08.2015 17:00,20.23,,29.13,,76.89,,"1,005.41",,0.23,,256.38,,14.65,,121.05,,
12.08.2015 18:00,30.89,,28.48,,80.60,,"1,006.01",,0.19,,269.39,,14.65,,121.05,,
12.08.2015 19:00,47.36,,27.99,,83.86,,"1,006.19",,0.33,,72.04,,14.65,,121.05,,
12.08.2015 20:00,54.06,,27.73,,84.77,,"1,007.00",,0.15,,60.20,,14.65,,121.05,,
12.08.2015 21:00,66.98,,27.48,,87.68,,"1,007.73",,0.14,,153.55,,14.65,,121.05,,
12.08.2015 22:00,68.99,,27.21,,89.12,,"1,007.99",,0.16,,127.58,,14.65,,121.05,,
12.08.2015 23:00,59.63,,26.75,,91.28,,"1,008.34",,0.15,,250.81,,14.65,,121.05,,
Datum/Zeit, PM2.5,,GRIMM-392 Temp.,,GRIMM-392 Humidity,,GRIMM-392 Pressure,,GRIMM-392 W.Speed,,GRIMM-392 W.Direct,,GRIMM-392 GpsNorth,,GRIMM-392 GpsEast,,
13.08.2015 00:00,57.03,,26.34,,92.87,,"1,008.04",,0.12,,59.18,F,14.65,,121.05,,
13.08.2015 01:00,62.16,,26.00,,94.13,,"1,007.42",,0.05,,239.96,F,14.65,,121.05,,
13.08.2015 02:00,53.70,,25.66,,94.61,,"1,006.97",,0.19,,55.19,,14.65,,121.05,,
13.08.2015 03:00,53.06,,25.40,,95.03,,"1,006.38",,0.21,,33.93,,14.65,,121.05,,
13.08.2015 04:00,51.87,,25.26,,94.60,,"1,006.17",,0.08,,35.58,F,14.65,,121.05,,
13.08.2015 05:00,52.91,,24.98,,95.10,,"1,005.99",,0.12,,127.49,,14.65,,121.05,,
13.08.2015 06:00,46.81,,24.81,,93.80,,"1,006.16",,0.15,,162.17,,14.65,,121.05,,
13.08.2015 07:00,40.98,,25.87,,88.27,,"1,006.65",,0.10,,217.84,,14.65,,121.05,,
13.08.2015 08:00,29.18,,28.42,,78.36,,"1,007.29",,0.31,,77.66,,14.65,,121.05,,
13.08.2015 09:00,26.07,,29.97,,72.12,,"1,007.60",,0.45,,101.35,,14.65,,121.05,,
13.08.2015 10:00,41.38,,31.04,,68.49,,"1,007.30",,0.56,,248.33,,14.65,,121.05,,
13.08.2015 11:00,50.39,,31.32,,68.62,,"1,006.70",,0.60,,174.54,,14.65,,121.05,,
13.08.2015 12:00,43.84,,32.11,,69.20,,"1,005.80",,0.72,,270.01,,14.65,,121.05,,
13.08.2015 13:00,45.23,,32.45,,68.03,,"1,005.11",,0.71,,265.71,,14.65,,121.05,,
13.08.2015 14:00,38.43,,31.24,,73.49,,"1,004.40",,0.56,,181.47,,14.65,,121.05,,
13.08.2015 15:00,59.32,,28.16,,94.51,,"1,003.59",,0.39,,16.25,,14.65,,121.05,,
13.08.2015 16:00,46.35,,27.55,,94.01,,"1,003.71",,0.52,,102.24,,14.65,,121.05,,
13.08.2015 17:00,33.48,,26.45,,94.89,,"1,003.69",,0.58,,314.24,,14.65,,121.05,,
13.08.2015 18:00,30.36,,26.22,,92.86,,"1,004.03",,0.27,,154.48,,14.65,,121.05,,
13.08.2015 19:00,38.32,,26.20,,94.43,,"1,004.68",,0.34,,74.82,,14.65,,121.05,,
13.08.2015 20:00,57.89,,26.44,,96.04,,"1,005.32",,0.27,,54.21,,14.65,,121.05,,
13.08.2015 21:00,59.58,,26.51,,95.34,,"1,006.46",,0.16,,55.20,,14.65,,121.05,,
13.08.2015 22:00,56.98,,26.33,,95.02,,"1,007.39",,0.18,,143.54,,14.65,,121.05,,
13.08.2015 23:00,52.51,,26.17,,95.72,,"1,007.42",,0.22,,274.35,,14.65,,121.05,,
14.08.2015 00:00,37.35,,26.06,,96.29,,"1,007.66",,0.41,,185.41,,14.65,,121.05,,
14.08.2015 01:00,12.39,,24.56,,97.35,,"1,007.29",,0.46,,92.90,,14.65,,121.05,,
14.08.2015 02:00,12.97,,24.57,,98.22,,"1,006.29",,0.42,,182.49,,14.65,,121.05,,
14.08.2015 03:00,21.34,,24.83,,97.69,,"1,005.49",,0.30,,292.16,,14.65,,121.05,,
14.08.2015 04:00,17.55,,24.94,,97.52,,"1,005.75",,0.16,,159.49,,14.65,,121.05,,
14.08.2015 05:00,32.24,,25.08,,97.65,,"1,006.53",,0.28,,162.38,,14.65,,121.05,,
14.08.2015 06:00,32.78,,25.26,,97.67,,"1,006.79",,0.30,,182.58,,14.65,,121.05,,
14.08.2015 07:00,20.20,,25.11,,96.02,,"1,006.88",,0.28,,30.34,,14.65,,121.05,,
14.08.2015 08:00,31.58,,26.47,,92.45,,"1,006.91",,0.44,,114.18,,14.65,,121.05,,
14.08.2015 09:00,22.82,,28.82,,81.42,,"1,006.66",,0.60,,245.89,,14.65,,121.05,,
14.08.2015 10:00,27.65,,30.40,,75.43,,"1,006.97",,0.54,,198.87,,14.65,,121.05,,
14.08.2015 11:00,25.79,,31.01,,71.84,,"1,006.33",,0.66,,124.11,,14.65,,121.05,,
14.08.2015 12:00,15.28,,32.31,,64.81,,"1,005.73",,0.73,,165.52,,14.65,,121.05,,
14.08.2015 13:00,28.44,,31.66,,70.59,,"1,005.09",,0.67,,8.18,,14.65,,121.05,,
14.08.2015 14:00,24.59,,31.45,,70.86,,"1,004.41",,0.60,,310.45,,14.65,,121.05,,
14.08.2015 15:00,20.15,,31.95,,68.17,,"1,003.70",,0.73,,192.11,,14.65,,121.05,,
14.08.2015 16:00,16.51,,31.89,,65.84,,"1,003.43",,0.66,,226.62,,14.65,,121.05,,
14.08.2015 17:00,15.72,,31.39,,66.06,,"1,003.63",,0.55,,205.62,,14.65,,121.05,,
14.08.2015 18:00,13.16,,30.51,,68.36,,"1,004.04",,0.45,,208.38,,14.65,,121.05,,
14.08.2015 19:00,19.61,,29.59,,72.61,,"1,004.69",,0.36,,345.50,,14.65,,121.05,,
14.08.2015 20:00,10.86,,29.14,,76.12,,"1,005.45",,0.32,,169.06,,14.65,,121.05,,
14.08.2015 21:00,11.56,,29.10,,76.95,,"1,006.38",,0.25,,130.88,,14.65,,121.05,,
14.08.2015 22:00,17.20,,28.91,,78.80,,"1,007.28",,0.09,,43.46,,14.65,,121.05,,
14.08.2015 23:00,32.44,,28.10,,83.54,,"1,007.36",,0.15,,56.32,,14.65,,121.05,,
15.08.2015 00:00,37.09,,27.59,,85.70,,"1,007.18",,0.30,,153.37,,14.65,,121.05,,
15.08.2015 01:00,41.27,,27.58,,85.93,,"1,007.14",,0.27,,180.21,,14.65,,121.05,,
15.08.2015 02:00,36.93,,26.92,,89.52,,"1,006.58",,0.07,,263.00,F,14.65,,121.05,,
15.08.2015 03:00,55.26,,26.40,,92.37,,"1,006.08",,0.10,,47.21,,14.65,,121.05,,
15.08.2015 04:00,40.90,,26.13,,92.75,,"1,005.90",,0.29,,51.70,,14.65,,121.05,,
15.08.2015 05:00,44.53,,26.11,,92.81,,"1,005.88",,0.21,,40.70,,14.65,,121.05,,
15.08.2015 06:00,56.70,,25.93,,92.89,,"1,006.09",,0.17,,26.85,,14.65,,121.05,,
15.08.2015 07:00,56.71,,26.43,,90.46,,"1,006.50",,0.14,,181.38,,14.65,,121.05,,
15.08.2015 08:00,51.38,,28.63,,81.94,,"1,006.76",,0.30,,168.49,,14.65,,121.05,,
15.08.2015 09:00,40.24,,30.04,,74.62,,"1,006.96",,0.33,,68.57,,14.65,,121.05,,
15.08.2015 10:00,52.25,,30.89,,72.63,,"1,006.95",,0.45,,155.30,,14.65,,121.05,,
15.08.2015 11:00,53.70,,31.34,,70.63,,"1,006.46",,0.34,,140.47,,14.65,,121.05,,
15.08.2015 12:00,42.67,,31.65,,71.91,,"1,006.32",,0.44,,30.61,,14.65,,121.05,,
15.08.2015 13:00,30.29,,33.47,,65.42,,"1,005.69",,0.78,,200.45,,14.65,,121.05,,
15.08.2015 14:00,21.39,,34.35,,60.96,,"1,004.67",,0.82,,267.13,,14.65,,121.05,,
15.08.2015 15:00,16.41,,34.62,,57.58,,"1,003.91",,0.87,,260.36,,14.65,,121.05,,
15.08.2015 16:00,17.08,,32.41,,62.80,,"1,004.10",,0.54,,148.92,,14.65,,121.05,,
15.08.2015 17:00,21.30,,31.56,,69.57,,"1,004.29",,0.50,,189.99,,14.65,,121.05,,
15.08.2015 18:00,17.93,,30.97,,70.86,,"1,004.66",,0.57,,205.21,,14.65,,121.05,,
15.08.2015 19:00,17.29,,30.18,,73.21,,"1,005.54",,0.44,,197.52,,14.65,,121.05,,
15.08.2015 20:00,16.58,,29.99,,74.72,,"1,006.70",,0.32,,232.23,,14.65,,121.05,,
15.08.2015 21:00,16.72,,29.85,,75.09,,"1,006.99",,0.24,,115.94,,14.65,,121.05,,
15.08.2015 22:00,17.97,,29.67,,73.89,,"1,007.41",,0.48,,252.21,,14.65,,121.05,,
15.08.2015 23:00,20.06,,27.74,,73.73,,"1,007.81",,0.45,,183.92,,14.65,,121.05,,
16.08.2015 00:00,27.96,,27.25,,78.77,,"1,007.80",,0.25,,59.64,,14.65,,121.05,,
16.08.2015 01:00,38.38,,27.43,,85.32,,"1,007.42",,0.37,,326.15,,14.65,,121.05,,
16.08.2015 02:00,29.15,,27.97,,83.87,,"1,006.58",,0.32,,159.10,,14.65,,121.05,,
16.08.2015 03:00,22.21,,27.31,,86.78,,"1,006.07",,0.10,,269.87,,14.65,,121.05,,
16.08.2015 04:00,23.72,,26.78,,89.41,,"1,005.66",,0.19,,131.43,,14.65,,121.05,,
16.08.2015 05:00,28.36,,26.42,,91.13,,"1,005.94",,0.09,,53.87,F,14.65,,121.05,,
16.08.2015 06:00,31.05,,26.69,,89.48,,"1,006.50",,0.15,,57.34,,14.65,,121.05,,
16.08.2015 07:00,27.44,,27.16,,87.78,,"1,006.66",,0.32,,315.87,,14.65,,121.05,,
16.08.2015 08:00,26.56,,28.89,,81.30,,"1,006.89",,0.55,,325.86,,14.65,,121.05,,
16.08.2015 09:00,17.28,,30.61,,73.27,,"1,006.70",,0.65,,175.78,,14.65,,121.05,,
16.08.2015 10:00,18.51,,31.73,,68.09,,"1,006.53",,0.65,,6.89,,14.65,,121.05,,
16.08.2015 11:00,19.63,,33.18,,63.04,,"1,006.13",,0.62,,334.85,,14.65,,121.05,,
16.08.2015 12:00,24.02,,33.02,,66.30,,"1,005.77",,0.75,,174.99,,14.65,,121.05,,
16.08.2015 13:00,20.25,,32.76,,67.13,,"1,004.98",,0.67,,286.84,,14.65,,121.05,,
16.08.2015 14:00,13.03,,33.08,,60.55,,"1,004.24",,0.74,,204.57,,14.65,,121.05,,
16.08.2015 15:00,14.05,,33.35,,60.31,,"1,003.68",,0.69,,112.94,,14.65,,121.05,,
16.08.2015 16:00,16.59,,33.59,,60.86,,"1,003.33",,0.77,,265.62,,14.65,,121.05,,
16.08.2015 17:00,22.78,,31.17,,72.64,,"1,003.91",,0.59,,50.58,,14.65,,121.05,,
16.08.2015 18:00,26.07,,27.68,,83.15,,"1,004.41",,0.40,,67.26,,14.65,,121.05,,
16.08.2015 19:00,22.62,,27.60,,77.28,,"1,004.95",,0.34,,73.31,,14.65,,121.05,,
16.08.2015 20:00,34.31,,27.94,,78.31,,"1,005.64",,0.36,,201.32,,14.65,,121.05,,
16.08.2015 21:00,20.71,,26.80,,85.74,,"1,006.64",,0.55,,21.91,,14.65,,121.05,,
16.08.2015 22:00,23.88,,26.37,,89.12,,"1,006.93",,0.38,,186.89,,14.65,,121.05,,
16.08.2015 23:00,35.36,,26.89,,89.33,,"1,007.05",,0.22,,327.27,,14.65,,121.05,,
17.08.2015 00:00,36.88,,26.95,,89.04,,"1,007.07",,0.25,,160.36,,14.65,,121.05,,
17.08.2015 01:00,32.08,,26.49,,89.18,,"1,006.40",,0.19,,167.21,,14.65,,121.05,,
17.08.2015 02:00,34.50,,26.08,,91.18,,"1,005.62",,0.17,,16.44,,14.65,,121.05,,
17.08.2015 03:00,34.58,,25.86,,92.09,,"1,004.98",,0.17,,14.06,,14.65,,121.05,,
17.08.2015 04:00,34.89,,25.69,,92.34,,"1,004.95",,0.24,,182.52,,14.65,,121.05,,
17.08.2015 05:00,40.52,,25.57,,92.76,,"1,005.11",,0.20,,34.27,,14.65,,121.05,,
17.08.2015 06:00,48.73,,25.64,,91.89,,"1,005.05",,0.11,,42.62,,14.65,,121.05,,
17.08.2015 07:00,55.26,,26.57,,88.55,,"1,005.41",,0.22,,231.01,,14.65,,121.05,,
17.08.2015 08:00,35.60,,29.03,,78.45,,"1,005.71",,0.45,,303.06,,14.65,,121.05,,
17.08.2015 09:00,24.92,,30.57,,72.38,,"1,005.72",,0.68,,6.54,,14.65,,121.05,,
17.08.2015 10:00,22.40,,31.94,,67.19,,"1,005.72",,0.72,,302.38,,14.65,,121.05,,
17.08.2015 11:00,22.31,,33.22,,60.92,,"1,005.19",,0.80,,337.38,,14.65,,121.05,,
17.08.2015 12:00,24.67,,33.61,,61.07,,"1,004.59",,0.85,,272.79,,14.65,,121.05,,
17.08.2015 13:00,21.26,,33.58,,61.03,,"1,003.83",,0.83,,283.27,,14.65,,121.05,,
17.08.2015 14:00,15.44,,34.57,,54.10,,"1,002.98",,0.82,,274.84,,14.65,,121.05,,
17.08.2015 15:00,11.90,,34.91,,53.64,,"1,002.57",,0.81,,208.30,,14.65,,121.05,,
17.08.2015 16:00,13.19,,34.46,,57.14,,"1,002.03",,0.78,,229.11,,14.65,,121.05,,
17.08.2015 17:00,13.86,,33.76,,62.88,,"1,002.44",,0.72,,202.62,,14.65,,121.05,,
17.08.2015 18:00,14.16,,32.24,,69.28,,"1,003.03",,0.65,,226.14,,14.65,,121.05,,
17.08.2015 19:00,15.74,,31.37,,72.14,,"1,003.60",,0.50,,137.59,,14.65,,121.05,,
17.08.2015 20:00,19.56,,28.56,,86.60,,"1,004.60",,0.55,,74.29,,14.65,,121.05,,
17.08.2015 21:00,25.99,,26.87,,91.06,,"1,005.77",,0.57,,174.90,,14.65,,121.05,,
17.08.2015 22:00,32.44,,26.34,,96.23,,"1,006.43",,0.31,,146.06,,14.65,,121.05,,
17.08.2015 23:00,38.70,,26.19,,96.11,,"1,006.28",,0.20,,261.75,,14.65,,121.05,,
18.08.2015 00:00,41.99,,25.97,,96.26,,"1,005.83",,0.26,,22.86,,14.65,,121.05,,
18.08.2015 01:00,39.92,,25.95,,95.47,,"1,005.50",,0.21,,31.07,,14.65,,121.05,,
18.08.2015 02:00,46.51,,25.79,,96.48,,"1,004.93",,0.22,,19.34,,14.65,,121.05,,
18.08.2015 03:00,54.93,,25.87,,96.30,,"1,004.61",,0.16,,24.19,,14.65,,121.05,,
18.08.2015 04:00,43.30,,25.91,,96.11,,"1,004.74",,0.09,,139.23,,14.65,,121.05,,
18.08.2015 05:00,46.75,,25.81,,96.34,,"1,004.60",,0.12,,32.55,,14.65,,121.05,,
18.08.2015 06:00,42.19,,25.60,,95.89,,"1,004.67",,0.19,,49.15,,14.65,,121.05,,
18.08.2015 07:00,38.03,,26.01,,94.00,,"1,004.81",,0.15,,194.88,,14.65,,121.05,,
18.08.2015 08:00,29.49,,28.56,,85.50,,"1,005.13",,0.43,,195.12,,14.65,,121.05,,
18.08.2015 09:00,20.94,,30.55,,76.92,,"1,005.43",,0.57,,325.82,,14.65,,121.05,,
18.08.2015 10:00,21.09,,31.35,,71.05,,"1,005.14",,0.63,,3.13,,14.65,,121.05,,
18.08.2015 11:00,29.33,,32.34,,67.26,,"1,004.76",,0.58,,327.77,,14.65,,121.05,,
18.08.2015 12:00,31.30,,32.47,,66.49,,"1,004.21",,0.66,,178.46,,14.65,,121.05,,
18.08.2015 13:00,25.96,F,32.59,F,66.62,F,"1,003.42",F,0.70,F,64.76,F,14.65,F,121.05,F,F
18.08.2015 14:00,15.90,,34.60,,57.26,,"1,002.24",,0.86,,265.36,,14.65,,121.05,,
18.08.2015 15:00,15.52,,34.79,,58.25,,"1,001.47",,1.00,,238.72,,14.65,,121.05,,
18.08.2015 16:00,14.03,,30.70,,66.85,,"1,001.63",,1.22,,194.44,,14.65,,121.05,,
18.08.2015 17:00,17.20,,23.70,,93.58,,"1,002.62",,0.97,,76.03,,14.65,,121.05,,
18.08.2015 18:00,26.02,,23.47,,92.45,,"1,002.90",,0.60,,199.52,,14.65,,121.05,,
18.08.2015 19:00,28.01,,24.40,,89.62,,"1,003.71",,0.75,,176.86,,14.65,,121.05,,
18.08.2015 20:00,22.50,,24.97,,85.02,,"1,003.85",,0.61,,179.36,,14.65,,121.05,,
18.08.2015 21:00,35.69,,25.04,,84.61,,"1,003.85",,0.28,,152.01,,14.65,,121.05,,
18.08.2015 22:00,41.52,,24.64,,88.38,,"1,004.60",,0.26,,123.35,,14.65,,121.05,,
18.08.2015 23:00,54.73,,24.81,,88.15,,"1,004.88",,0.30,,43.76,,14.65,,121.05,,
Datum/Zeit, PM2.5,,GRIMM-392 Temp.,,GRIMM-392 Humidity,,GRIMM-392 Pressure,,GRIMM-392 W.Speed,,GRIMM-392 W.Direct,,GRIMM-392 GpsNorth,,GRIMM-392 GpsEast,,
19.08.2015 00:00,50.61,,24.67,,87.69,,"1,004.39",,0.23,,16.46,,14.65,,121.05,,
19.08.2015 01:00,45.23,,24.39,,89.76,,"1,003.81",,0.11,,292.78,,14.65,,121.05,,
19.08.2015 02:00,49.76,,24.26,,90.84,,"1,003.11",,0.23,,45.03,,14.65,,121.05,,
19.08.2015 03:00,40.21,,24.39,,89.97,,"1,002.31",,0.22,,175.03,,14.65,,121.05,,
19.08.2015 04:00,38.52,,24.39,,91.72,,"1,002.23",,0.17,,117.03,,14.65,,121.05,,
19.08.2015 05:00,46.62,,24.38,,93.85,,"1,002.10",,0.22,,53.42,,14.65,,121.05,,
19.08.2015 06:00,55.74,,24.87,,93.42,,"1,002.70",,0.14,,96.89,,14.65,,121.05,,
19.08.2015 07:00,44.45,,26.03,,90.07,,"1,003.19",,0.15,,281.33,,14.65,,121.05,,
19.08.2015 08:00,31.27,,28.34,,81.93,,"1,003.44",,0.33,,353.38,,14.65,,121.05,,
19.08.2015 09:00,21.44,,29.85,,76.24,,"1,003.41",,0.71,,354.36,,14.65,,121.05,,
19.08.2015 10:00,19.04,,30.93,,71.79,,"1,003.22",,0.94,,343.64,,14.65,,121.05,,
19.08.2015 11:00,14.42,,32.42,,65.20,,"1,003.05",,0.96,,345.73,,14.65,,121.05,,
19.08.2015 12:00,16.16,,32.78,,63.23,,"1,002.61",,0.92,,335.99,,14.65,,121.05,,
19.08.2015 13:00,18.29,,32.62,,63.75,,"1,001.94",,0.73,,351.19,,14.65,,121.05,,
19.08.2015 14:00,17.01,,32.84,,61.98,,"1,000.88",,0.75,,286.49,,14.65,,121.05,,
19.08.2015 15:00,16.66,,33.50,,63.45,,"1,000.50",,0.90,,245.93,,14.65,,121.05,,
19.08.2015 16:00,10.77,,27.72,,75.61,,"1,001.61",,1.46,,159.72,,14.65,,121.05,,
19.08.2015 17:00,13.69,,25.11,,83.71,,"1,001.14",,0.74,,323.61,,14.65,,121.05,,
19.08.2015 18:00,19.80,,26.67,,78.24,,"1,001.73",,0.39,,281.34,,14.65,,121.05,,
19.08.2015 19:00,28.39,,26.85,,78.95,,"1,002.08",,0.21,,241.00,,14.65,,121.05,,
19.08.2015 20:00,49.33,,26.73,,81.33,,"1,002.32",,0.27,,152.69,,14.65,,121.05,,
19.08.2015 21:00,46.13,,27.32,,80.35,,"1,002.95",,0.37,,50.90,,14.65,,121.05,,
19.08.2015 22:00,56.22,,27.21,,82.57,,"1,002.79",,0.30,,22.24,,14.65,,121.05,,
19.08.2015 23:00,53.03,,26.82,,84.86,,"1,002.55",,0.37,,184.49,,14.65,,121.05,,
20.08.2015 00:00,43.96,,26.56,,87.02,,"1,002.36",,0.26,,308.79,,14.65,,121.05,,
20.08.2015 01:00,42.00,,26.28,,89.92,,"1,001.69",,0.28,,106.71,,14.65,,121.05,,
20.08.2015 02:00,41.07,,26.15,,91.21,,"1,000.98",,0.25,,56.16,,14.65,,121.05,,
20.08.2015 03:00,30.79,,26.49,,90.06,,"1,000.80",,0.17,,146.72,,14.65,,121.05,,
20.08.2015 04:00,26.92,,26.48,,90.45,,"1,000.88",,0.25,,197.67,,14.65,,121.05,,
20.08.2015 05:00,29.75,,26.45,,90.19,,"1,000.67",,0.20,,148.41,,14.65,,121.05,,
20.08.2015 06:00,37.24,,26.59,,89.91,,"1,000.83",,0.34,,53.06,,14.65,,121.05,,
20.08.2015 07:00,43.52,,27.06,,87.17,,"1,000.87",,0.25,,24.60,,14.65,,121.05,,
20.08.2015 08:00,23.60,,28.72,,78.54,,"1,001.41",,0.56,,175.07,,14.65,,121.05,,
20.08.2015 09:00,12.27,,30.19,,70.33,,"1,001.57",,0.87,,222.33,,14.65,,121.05,,
20.08.2015 10:00,11.05,,29.61,,73.95,,"1,001.85",,1.00,,207.95,,14.65,,121.05,,
20.08.2015 11:00,13.55,,29.03,,76.50,,"1,001.59",,0.78,,221.79,,14.65,,121.05,,
20.08.2015 12:00,12.17,,29.61,,74.25,,"1,001.03",,1.01,,223.52,,14.65,,121.05,,
20.08.2015 13:00,11.82,,27.15,,85.62,,"1,001.22",,1.25,,287.12,,14.65,,121.05,,
20.08.2015 14:00,14.53,,26.44,,91.93,,"1,000.21",,0.82,,223.80,,14.65,,121.05,,
20.08.2015 15:00,14.79,,27.34,,85.29,,999.42,,0.75,,222.69,,14.65,,121.05,,
20.08.2015 16:00,13.16,,27.46,,81.24,,999.34,,0.89,,229.05,,14.65,,121.05,,
20.08.2015 17:00,15.80,,26.47,,90.35,,999.67,,0.72,,219.91,,14.65,,121.05,,
20.08.2015 18:00,19.91,,26.24,,91.15,,999.88,,0.70,,225.66,,14.65,,121.05,,
20.08.2015 19:00,17.79,,25.19,,93.78,,"1,000.37",,0.72,,207.62,,14.65,,121.05,,
20.08.2015 20:00,16.86,,25.73,,91.09,,"1,000.20",,0.68,,205.60,,14.65,,121.05,,
20.08.2015 21:00,17.83,,26.06,,89.91,,999.79,,0.33,,186.52,,14.65,,121.05,,
20.08.2015 22:00,15.84,,26.86,,87.62,,"1,000.34",,0.61,,226.71,,14.65,,121.05,,
20.08.2015 23:00,14.06,,27.09,,86.84,,999.42,,0.77,,230.13,,14.65,,121.05,,
21.08.2015 00:00,11.26,,26.91,,83.48,,998.75,,0.57,,220.50,,14.65,,121.05,,
21.08.2015 01:00,9.12,,26.72,,85.50,,998.27,,0.65,,206.85,,14.65,,121.05,,
21.08.2015 02:00,10.48,,26.96,,85.67,,997.99,,0.77,,230.60,,14.65,,121.05,,
21.08.2015 03:00,10.50,,26.75,,86.68,,997.95,,0.68,,221.23,,14.65,,121.05,,
21.08.2015 04:00,10.61,,26.01,,89.60,,998.08,,0.75,,295.42,,14.65,,121.05,,
21.08.2015 05:00,13.25,,25.41,,92.81,,998.06,,0.44,,231.11,,14.65,,121.05,,
21.08.2015 06:00,16.38,,25.70,,91.31,,997.94,,0.92,,225.95,,14.65,,121.05,,
21.08.2015 07:00,17.88,,26.31,,87.34,,997.91,,0.48,,233.81,,14.65,,121.05,,
21.08.2015 08:00,18.50,,27.60,,86.05,,998.21,,0.54,,207.71,,14.65,,121.05,,
21.08.2015 09:00,15.10,,28.53,,79.95,,998.32,,0.72,,212.37,,14.65,,121.05,,
21.08.2015 10:00,18.82,,28.25,,85.87,,998.73,,0.88,,221.29,,14.65,,121.05,,
21.08.2015 11:00,19.65,,29.36,,84.65,,997.79,,1.12,,237.12,,14.65,,121.05,,
21.08.2015 12:00,14.83,,30.89,,73.41,,997.72,,1.16,,221.39,,14.65,,121.05,,
21.08.2015 13:00,14.63,,30.89,,74.85,,997.05,,1.26,,229.26,,14.65,,121.05,,
21.08.2015 14:00,17.84,,28.22,,85.89,,996.89,,1.13,,227.42,,14.65,,121.05,,
21.08.2015 15:00,17.61,,25.73,,92.95,,996.82,,0.71,,244.67,,14.65,,121.05,,
21.08.2015 16:00,15.89,,25.27,,95.36,,996.89,,0.69,,216.38,,14.65,,121.05,,
21.08.2015 17:00,15.52,,25.84,,91.71,,996.68,,0.67,,247.94,,14.65,,121.05,,
21.08.2015 18:00,20.28,,26.28,,91.81,,996.97,,0.53,,153.40,,14.65,,121.05,,
21.08.2015 19:00,24.93,,26.94,,90.66,,996.61,,0.52,,164.58,,14.65,,121.05,,
21.08.2015 20:00,20.15,,28.30,,87.34,,997.43,,0.99,,230.62,,14.65,,121.05,,
21.08.2015 21:00,16.80,,28.39,,86.76,,997.72,,1.10,,229.87,,14.65,,121.05,,
21.08.2015 22:00,13.11,,26.95,,86.29,,998.33,,0.88,,225.90,,14.65,,121.05,,
21.08.2015 23:00,15.78,,27.76,,88.25,,998.30,,0.82,,220.49,,14.65,,121.05,,
22.08.2015 00:00,12.18,,27.57,,86.12,,998.15,,0.86,,229.77,,14.65,,121.05,,
22.08.2015 01:00,12.95,,26.87,,92.40,,997.76,,0.89,,223.56,,14.65,,121.05,,
22.08.2015 02:00,15.96,,27.75,,90.07,,997.26,,0.97,,225.37,,14.65,,121.05,,
22.08.2015 03:00,15.23,,28.04,,88.75,,997.21,,1.20,,227.99,,14.65,,121.05,,
22.08.2015 04:00,15.11,,28.24,,87.64,,997.19,,1.15,,227.47,,14.65,,121.05,,
22.08.2015 05:00,13.37,,26.17,,92.36,,997.46,,1.07,,229.56,,14.65,,121.05,,
22.08.2015 06:00,12.24,,24.74,,95.57,,998.53,,0.58,,215.57,,14.65,,121.05,,
22.08.2015 07:00,20.57,,24.85,,95.68,,998.97,,0.32,,116.14,,14.65,,121.05,,
22.08.2015 08:00,20.84,,25.28,,96.73,,999.34,,0.29,,274.44,,14.65,,121.05,,
22.08.2015 09:00,21.22,,26.35,,93.49,,999.38,,0.44,,207.45,,14.65,,121.05,,
22.08.2015 10:00,15.69,,27.82,,84.74,,999.65,,0.79,,207.27,,14.65,,121.05,,
22.08.2015 11:00,13.84,,28.70,,80.20,,999.53,,1.00,,228.97,,14.65,,121.05,,
22.08.2015 12:00,12.69,,28.27,,83.08,,999.27,,1.07,,244.56,,14.65,,121.05,,
22.08.2015 13:00,12.15,,29.51,,77.47,,998.77,,0.74,,235.84,,14.65,,121.05,,
22.08.2015 14:00,18.55,,27.80,,89.29,,998.06,,0.75,,257.93,,14.65,,121.05,,
22.08.2015 15:00,18.15,,26.34,,95.28,,997.78,,0.81,,246.87,,14.65,,121.05,,
22.08.2015 16:00,15.90,,26.65,,93.45,,998.16,,0.90,,225.02,,14.65,,121.05,,
22.08.2015 17:00,15.63,,26.80,,91.26,,998.59,,0.72,,239.58,,14.65,,121.05,,
22.08.2015 18:00,14.81,,26.21,,91.42,,999.41,,0.62,,227.94,,14.65,,121.05,,
22.08.2015 19:00,17.40,,26.27,,93.11,,998.75,,0.52,,218.62,,14.65,,121.04,,
22.08.2015 20:00,17.01,,26.59,,85.44,,999.32,,0.48,,245.82,,14.65,,121.04,,
22.08.2015 21:00,14.99,,26.65,,86.49,,999.27,,0.37,,140.15,,14.65,,121.04,,
22.08.2015 22:00,11.89,,27.41,,86.12,,999.98,,0.84,,205.63,,14.65,,121.04,,
22.08.2015 23:00,12.86,,27.33,,86.40,,"1,000.12",,0.64,,207.28,,14.65,,121.04,,
23.08.2015 00:00,13.81,,27.58,,85.98,,"1,000.90",,0.71,,226.60,,14.65,,121.04,,
23.08.2015 01:00,11.58,,27.27,,84.74,,"1,000.69",,0.54,,217.11,,14.65,,121.04,,
23.08.2015 02:00,10.84,,26.93,,86.84,,999.87,,0.57,,146.83,,14.65,,121.04,,
23.08.2015 03:00,9.84,,26.39,,88.71,,999.54,,0.48,,142.82,,14.65,,121.04,,
23.08.2015 04:00,9.17,,26.53,,88.55,,999.59,,0.45,,148.22,,14.65,,121.04,,
23.08.2015 05:00,8.73,,26.55,,89.58,,999.64,,0.60,,158.95,,14.65,,121.04,,
23.08.2015 06:00,7.12,,26.82,,87.29,,"1,000.50",,0.57,,216.03,,14.65,,121.04,,
23.08.2015 07:00,7.50,,27.08,,85.06,,"1,001.31",,0.74,,155.77,,14.65,,121.04,,
23.08.2015 08:00,8.38,,27.87,,80.63,,"1,001.84",,0.75,,205.66,,14.65,,121.04,,
23.08.2015 09:00,8.92,,27.57,,82.80,,"1,002.43",,0.71,,211.95,,14.65,,121.04,,
23.08.2015 10:00,6.15,,28.64,,76.97,,"1,002.22",,1.04,,213.94,,14.65,,121.04,,
23.08.2015 11:00,6.51,,29.40,,74.65,,"1,002.07",,0.99,,205.16,,14.65,,121.04,,
23.08.2015 12:00,7.17,,28.87,,77.47,,"1,002.24",,0.89,,215.27,,14.65,,121.04,,
23.08.2015 13:00,7.52,,28.45,,76.39,,"1,001.50",,0.80,,211.09,,14.65,,121.04,,
23.08.2015 14:00,7.27,,28.75,,75.39,,"1,001.53",,1.06,,172.86,,14.65,,121.04,,
23.08.2015 15:00,6.96,,28.34,,76.26,,"1,001.39",,0.73,,202.53,,14.65,,121.04,,
23.08.2015 16:00,7.05,,27.76,,80.64,,"1,001.46",,0.84,,220.70,,14.65,,121.04,,
23.08.2015 17:00,7.52,,27.41,,82.83,,"1,001.28",,0.98,,197.08,,14.65,,121.04,,
23.08.2015 18:00,9.65,,26.84,,86.91,,"1,001.18",,0.62,,212.25,,14.65,,121.04,,
23.08.2015 19:00,11.06,,26.63,,88.39,,"1,001.88",,0.68,,205.66,,14.65,,121.04,,
23.08.2015 20:00,12.40,,26.29,,92.02,,"1,002.53",,0.49,,135.66,,14.65,,121.04,,
23.08.2015 21:00,14.70,,26.04,,91.29,,"1,003.01",,0.34,,203.35,,14.65,,121.04,,
23.08.2015 22:00,22.34,,25.77,,92.34,,"1,003.58",,0.21,,100.15,,14.65,,121.04,,
23.08.2015 23:00,10.92,,26.11,,90.06,,"1,004.22",,0.29,,132.42,,14.65,,121.04,,
24.08.2015 00:00,14.67,,26.28,,90.44,,"1,003.23",,0.38,,114.42,,14.65,,121.04,,
24.08.2015 01:00,9.36,,26.63,,88.44,,"1,002.65",,0.49,,145.83,,14.65,,121.04,,
24.08.2015 02:00,10.25,,26.24,,91.21,,"1,002.36",,0.75,,246.20,,14.65,,121.04,,
24.08.2015 03:00,5.53,,24.90,,97.30,,"1,002.20",,0.65,,231.23,,14.65,,121.04,,
24.08.2015 04:00,9.38,,24.65,,97.78,,"1,002.00",,0.30,,354.29,,14.65,,121.05,,
24.08.2015 05:00,10.26,,24.73,,97.61,,"1,002.47",,0.29,,223.15,,14.65,,121.05,,
24.08.2015 06:00,23.03,,25.07,,97.65,,"1,002.81",,0.34,,63.29,,14.65,,121.05,,
24.08.2015 07:00,30.54,,25.49,,96.21,,"1,003.50",,0.47,,144.82,,14.65,,121.05,,
24.08.2015 08:00,34.84,,26.15,,94.18,,"1,004.24",,0.42,,205.11,,14.65,,121.05,,
24.08.2015 09:00,28.36,,26.72,,91.26,,"1,004.47",,0.56,,160.98,,14.65,,121.05,,
24.08.2015 10:00,18.03,,25.66,,94.45,,"1,005.05",,0.64,,224.11,,14.65,,121.05,,
24.08.2015 11:00,21.52,,26.88,,93.66,,"1,004.85",,0.39,,134.32,,14.65,,121.05,,
24.08.2015 12:00,17.74,,27.51,,87.85,,"1,004.63",,0.75,,234.79,,14.65,,121.05,,
24.08.2015 13:00,11.59,,27.62,,84.55,,"1,004.26",,0.79,,213.86,,14.65,,121.05,,
24.08.2015 14:00,9.00,,28.28,,79.95,,"1,003.99",,0.61,,204.73,,14.65,,121.05,,
24.08.2015 15:00,13.71,,27.44,,87.95,,"1,003.68",,0.63,,252.09,,14.65,,121.05,,
24.08.2015 16:00,12.31,,28.24,,82.07,,"1,002.98",,0.77,,214.05,,14.65,,121.05,,
24.08.2015 17:00,14.13,,27.95,,82.10,,"1,003.18",,0.68,,233.36,,14.65,,121.05,,
24.08.2015 18:00,22.09,,27.00,,88.31,,"1,003.95",,0.53,,255.19,,14.65,,121.05,,
24.08.2015 19:00,32.80,,26.63,,91.90,,"1,004.13",,0.31,,68.06,,14.65,,121.05,,
24.08.2015 20:00,35.58,,26.51,,92.62,,"1,004.67",,0.20,,63.40,,14.65,,121.05,,
24.08.2015 21:00,23.70,,27.00,,88.48,,"1,005.34",,0.21,,80.73,,14.65,,121.05,,
24.08.2015 22:00,18.12,,26.18,,90.73,,"1,006.39",,0.43,,296.37,,14.65,,121.05,,
24.08.2015 23:00,13.56,,25.64,,94.70,,"1,006.72",,0.40,,203.30,,14.65,,121.05,,
Datum/Zeit, PM2.5,,GRIMM-392 Temp.,,GRIMM-392 Humidity,,GRIMM-392 Pressure,,GRIMM-392 W.Speed,,GRIMM-392 W.Direct,,GRIMM-392 GpsNorth,,GRIMM-392 GpsEast,,
25.08.2015 00:00,15.37,,25.71,,93.47,,"1,006.69",,0.32,,291.27,,14.65,,121.05,,
25.08.2015 01:00,13.20,,25.47,,94.86,,"1,006.27",,0.23,,65.79,,14.65,,121.05,,
25.08.2015 02:00,15.54,,25.33,,92.93,,"1,005.81",,0.26,,90.57,,14.65,,121.05,,
25.08.2015 03:00,15.83,,24.89,,94.83,,"1,004.80",,0.34,,67.79,,14.65,,121.05,,
25.08.2015 04:00,20.46,,24.99,,93.77,,"1,004.67",,0.36,,103.47,,14.65,,121.05,,
25.08.2015 05:00,17.91,,24.98,,93.43,,"1,004.40",,0.15,,84.11,,14.65,,121.05,,
25.08.2015 06:00,35.60,,24.93,,94.40,,"1,004.49",,0.21,,36.49,,14.65,,121.05,,
25.08.2015 07:00,36.94,,25.43,,94.10,,"1,004.92",,0.25,,136.80,,14.65,,121.05,,
25.08.2015 08:00,27.81,,27.32,,86.30,,"1,005.52",,0.28,,141.78,,14.65,,121.05,,
25.08.2015 09:00,16.67,,28.89,,78.35,,"1,006.17",,0.51,,196.41,,14.65,,121.05,,
25.08.2015 10:00,13.43,,28.61,,78.17,,"1,006.59",,0.70,,215.33,,14.65,,121.05,,
25.08.2015 11:00,14.08,,29.17,,72.29,,"1,006.34",,0.56,,211.26,,14.65,,121.05,,
25.08.2015 12:00,15.05,,30.91,,67.36,,"1,006.39",,0.76,,214.30,,14.65,,121.05,,
25.08.2015 13:00,11.64,,32.02,,62.36,,"1,005.63",,1.01,,197.58,,14.65,,121.05,,
25.08.2015 14:00,13.77,,32.33,,64.38,,"1,005.16",,1.01,,243.89,,14.65,,121.05,,
25.08.2015 15:00,14.74,,32.17,,64.70,,"1,004.72",,0.88,,256.51,,14.65,,121.05,,
25.08.2015 16:00,14.76,,32.03,,64.73,,"1,004.76",,0.95,,215.96,,14.65,,121.05,,
25.08.2015 17:00,14.51,,29.30,,76.71,,"1,005.49",,0.89,,275.43,,14.65,,121.05,,
25.08.2015 18:00,18.65,,26.13,,94.40,,"1,006.15",,0.54,,17.02,,14.65,,121.05,,
25.08.2015 19:00,39.79,,26.28,,94.03,,"1,006.58",,0.22,,172.28,,14.65,,121.05,,
25.08.2015 20:00,29.63,,26.11,,91.89,,"1,007.22",,0.26,,48.73,,14.65,,121.05,,
25.08.2015 21:00,44.56,,25.94,,92.97,,"1,007.70",,0.18,,58.27,,14.65,,121.05,,
25.08.2015 22:00,37.57,,25.91,,92.99,,"1,008.28",,0.15,,51.71,,14.65,,121.05,,
25.08.2015 23:00,46.11,,25.83,,93.37,,"1,008.32",,0.10,,57.86,,14.65,,121.05,,
26.08.2015 00:00,48.91,,25.68,,94.36,,"1,008.11",,0.17,,58.74,,14.65,,121.05,,
26.08.2015 01:00,47.18,,25.34,,94.78,,"1,007.84",,0.10,,63.33,,14.65,,121.05,,
26.08.2015 02:00,31.75,,24.98,,94.07,,"1,007.28",,0.21,,30.68,,14.65,,121.05,,
26.08.2015 03:00,32.46,,24.64,,95.18,,"1,006.65",,0.12,,36.61,,14.65,,121.05,,
26.08.2015 04:00,35.26,,24.53,,95.38,,"1,006.23",,0.13,,178.83,,14.65,,121.05,,
26.08.2015 05:00,31.45,,24.52,,95.16,,"1,006.37",,0.12,,40.11,,14.65,,121.05,,
26.08.2015 06:00,31.25,,24.68,,92.85,,"1,006.78",,0.04,,44.47,F,14.65,,121.05,,
26.08.2015 07:00,55.95,,25.42,,92.48,,"1,007.44",,0.08,,201.86,,14.65,,121.05,,
26.08.2015 08:00,37.28,,28.06,,82.29,,"1,008.08",,0.41,,322.21,,14.65,,121.05,,
26.08.2015 09:00,31.79,,29.36,,76.21,,"1,008.41",,0.56,,186.74,,14.65,,121.05,,
26.08.2015 10:00,32.29,,30.40,,70.44,,"1,008.51",,0.58,,81.94,,14.65,,121.05,,
26.08.2015 11:00,24.07,,31.60,,65.34,,"1,008.45",,0.69,,209.10,,14.65,,121.05,,
26.08.2015 12:00,19.55,,32.02,,61.94,,"1,007.89",,0.87,,186.96,,14.65,,121.05,,
26.08.2015 13:00,18.63,,32.59,,58.42,,"1,007.03",,0.88,,129.65,,14.65,,121.05,,
26.08.2015 14:00,19.43,,32.39,,58.25,,"1,006.68",,0.89,,240.71,,14.65,,121.05,,
26.08.2015 15:00,18.71,,32.12,,59.23,,"1,006.40",,0.82,,230.36,,14.65,,121.05,,
26.08.2015 16:00,19.62,,31.81,,59.56,,"1,006.17",,0.65,,246.95,,14.65,,121.05,,
26.08.2015 17:00,20.68,,30.64,,65.35,,"1,006.17",,0.64,,213.20,,14.65,,121.05,,
26.08.2015 18:00,23.37,,29.86,,69.17,,"1,006.64",,0.43,,217.87,,14.65,,121.05,,
26.08.2015 19:00,30.13,,29.30,,71.90,,"1,007.04",,0.34,,325.35,,14.65,,121.05,,
26.08.2015 20:00,28.63,,28.91,,76.11,,"1,007.64",,0.29,,252.69,,14.65,,121.05,,
26.08.2015 21:00,32.16,,28.81,,76.99,,"1,008.37",,0.25,,16.06,,14.65,,121.05,,
26.08.2015 22:00,32.46,,28.50,,78.79,,"1,008.94",,0.19,,51.54,,14.65,,121.05,,
26.08.2015 23:00,34.45,,28.05,,81.21,,"1,008.73",,0.50,,201.28,,14.65,,121.05,,
27.08.2015 00:00,24.11,,27.05,,81.81,,"1,008.53",,0.53,,347.19,,14.65,,121.05,,
27.08.2015 01:00,23.63,,26.52,,83.79,,"1,007.99",,0.35,,330.56,,14.65,,121.05,,
27.08.2015 02:00,26.81,,26.25,,84.99,,"1,007.42",,0.15,,152.29,,14.65,,121.05,,
27.08.2015 03:00,32.29,,25.88,,88.06,,"1,006.87",,0.10,,336.00,,14.65,,121.05,,
27.08.2015 04:00,37.29,,25.64,,88.75,,"1,006.62",,0.10,,40.60,,14.65,,121.05,,
27.08.2015 05:00,36.04,,25.20,,90.37,,"1,006.34",,0.09,,207.10,F,14.65,,121.05,,
27.08.2015 06:00,54.51,,24.99,,92.26,,"1,006.50",,0.03,,46.60,F,14.65,,121.05,,
27.08.2015 07:00,47.64,,25.92,,87.63,,"1,006.88",,0.23,,314.06,,14.65,,121.05,,
27.08.2015 08:00,45.93,,28.11,,77.82,,"1,007.47",,0.39,,167.20,,14.65,,121.05,,
27.08.2015 09:00,36.64,,30.46,,68.15,,"1,007.71",,0.48,,36.50,,14.65,,121.05,,
27.08.2015 10:00,29.28,,31.50,,63.12,,"1,007.68",,0.66,,359.12,,14.65,,121.05,,
27.08.2015 11:00,27.02,,32.33,,59.47,,"1,007.43",,0.69,,329.70,,14.65,,121.05,,
27.08.2015 12:00,29.06,,32.62,,62.44,,"1,006.92",,0.72,,332.82,,14.65,,121.05,,
27.08.2015 13:00,27.70,,32.76,,63.45,,"1,005.96",,0.85,,7.00,,14.65,,121.05,,
27.08.2015 14:00,23.57,,33.33,,60.96,,"1,004.83",,0.88,,171.22,,14.65,,121.05,,
27.08.2015 15:00,22.09,,31.10,,66.47,,"1,004.97",,0.88,,220.56,,14.65,,121.05,,
27.08.2015 16:00,33.37,,26.55,,90.22,,"1,004.97",,0.37,,36.80,,14.65,,121.05,,
27.08.2015 17:00,34.34,,26.35,,90.22,,"1,004.91",,0.32,,23.60,,14.65,,121.05,,
27.08.2015 18:00,45.47,,26.81,,88.57,,"1,005.40",,0.21,,42.52,,14.65,,121.05,,
27.08.2015 19:00,49.08,,26.94,,89.64,,"1,005.91",,0.36,,214.31,,14.65,,121.05,,
27.08.2015 20:00,58.40,,26.41,,94.79,,"1,006.48",,0.19,,47.99,,14.65,,121.05,,
27.08.2015 21:00,59.89,,26.20,,94.15,,"1,007.46",,0.34,,150.92,,14.65,,121.05,,
27.08.2015 22:00,30.11,,25.00,,93.00,,"1,008.12",,0.36,,201.88,,14.65,,121.05,,
27.08.2015 23:00,21.82,,25.21,,91.01,,"1,008.26",,0.40,,6.05,,14.65,,121.05,,
28.08.2015 00:00,28.85,,24.96,,93.18,,"1,007.63",,0.19,,263.52,,14.65,,121.05,,
28.08.2015 01:00,34.62,,24.87,,94.04,,"1,007.12",,0.14,,143.51,,14.65,,121.05,,
28.08.2015 02:00,34.19,,24.64,,94.86,,"1,006.27",,0.14,,137.02,,14.65,,121.05,,
28.08.2015 03:00,41.57,,24.50,,95.37,,"1,005.63",,0.18,,36.56,,14.65,,121.05,,
28.08.2015 04:00,48.68,,24.59,,95.34,,"1,005.57",,0.16,,192.89,,14.65,,121.05,,
28.08.2015 05:00,55.04,,24.49,,96.01,,"1,005.36",,0.10,,79.96,,14.65,,121.05,,
28.08.2015 06:00,57.89,,24.55,,95.72,,"1,005.61",,0.26,,55.00,,14.65,,121.05,,
28.08.2015 07:00,55.69,,25.20,,93.63,,"1,006.11",,0.21,,66.01,,14.65,,121.05,,
28.08.2015 08:00,49.31,,27.29,,86.36,,"1,006.72",,0.59,,139.68,,14.65,,121.05,,
28.08.2015 09:00,42.59,,28.63,,80.41,,"1,006.91",,0.36,,244.42,,14.65,,121.05,,
28.08.2015 10:00,40.42,,30.16,,72.78,,"1,006.45",,0.63,,253.70,,14.65,,121.05,,
28.08.2015 11:00,27.35,,31.82,,63.75,,"1,006.15",,0.66,,53.73,,14.65,,121.05,,
28.08.2015 12:00,37.45,,31.94,,65.29,,"1,005.65",,0.58,,237.93,,14.65,,121.05,,
28.08.2015 13:00,34.36,,31.15,,70.56,,"1,004.59",,0.58,,317.30,,14.65,,121.05,,
28.08.2015 14:00,31.96,,29.75,,75.03,,"1,003.80",,0.66,,102.03,,14.65,,121.05,,
28.08.2015 15:00,16.85,,28.61,,70.46,,"1,003.46",,0.56,,207.29,,14.65,,121.05,,
28.08.2015 16:00,29.82,,30.15,,71.28,,"1,003.19",,0.64,,176.60,,14.65,,121.05,,
28.08.2015 17:00,32.48,,30.55,,67.64,,"1,003.30",,0.87,,153.70,,14.65,,121.05,,
28.08.2015 18:00,30.32,,28.02,,80.37,,"1,004.20",,0.94,,143.62,,14.65,,121.05,,
28.08.2015 19:00,29.60,,24.82,,95.00,,"1,004.63",,0.35,,59.64,,14.65,,121.05,,
28.08.2015 20:00,62.96,,25.33,,96.06,,"1,005.56",,0.25,,44.62,,14.65,,121.05,,
28.08.2015 21:00,92.28,,25.80,,96.35,,"1,006.20",,0.18,,34.36,,14.65,,121.05,,
28.08.2015 22:00,92.44,,25.86,,96.04,,"1,006.95",,0.27,,34.69,,14.65,,121.05,,
28.08.2015 23:00,94.51,,25.82,,95.88,,"1,007.21",,0.27,,55.28,,14.65,,121.05,,
29.08.2015 00:00,88.22,,25.91,,95.56,,"1,007.01",,0.17,,208.81,,14.65,,121.05,,
29.08.2015 01:00,66.06,,25.86,,94.21,,"1,006.52",,0.22,,130.81,,14.65,,121.05,,
29.08.2015 02:00,22.82,,25.08,,91.33,,"1,005.94",,0.26,,124.98,,14.65,,121.05,,
29.08.2015 03:00,30.83,,24.92,,94.57,,"1,005.52",,0.13,,37.15,,14.65,,121.05,,
29.08.2015 04:00,39.24,,25.21,,94.52,,"1,005.32",,0.07,,57.47,,14.65,,121.05,,
29.08.2015 05:00,48.10,,24.86,,95.62,,"1,005.08",,0.31,,187.28,,14.65,,121.05,,
29.08.2015 06:00,64.49,,24.70,,96.30,,"1,004.86",,0.16,,36.98,,14.65,,121.05,,
29.08.2015 07:00,58.35,,25.14,,94.81,,"1,005.01",,0.17,,39.02,,14.65,,121.05,,
29.08.2015 08:00,52.58,,26.69,,88.49,,"1,005.34",,0.15,,162.29,,14.65,,121.05,,
29.08.2015 09:00,32.49,,28.60,,78.99,,"1,005.77",,0.46,,196.80,,14.65,,121.05,,
29.08.2015 10:00,37.86,,30.04,,74.32,,"1,005.89",,0.52,,239.92,,14.65,,121.05,,
29.08.2015 11:00,30.89,,30.24,,72.20,,"1,005.96",,0.50,,278.11,,14.65,,121.05,,
29.08.2015 12:00,21.69,,31.22,,66.05,,"1,005.46",,0.58,,179.02,,14.65,,121.05,,
29.08.2015 13:00,22.60,,31.70,,63.94,,"1,004.48",,0.61,,225.08,,14.65,,121.05,,
29.08.2015 14:00,21.03,,31.10,,65.97,,"1,003.99",,0.73,,200.23,,14.65,,121.05,,
29.08.2015 15:00,13.11,,26.13,,85.25,,"1,004.54",,0.98,,172.52,,14.65,,121.05,,
29.08.2015 16:00,24.18,,25.52,,92.18,,"1,004.56",,0.47,,222.80,,14.65,,121.05,,
29.08.2015 17:00,33.41,,25.65,,92.33,,"1,004.76",,0.50,,126.26,,14.65,,121.05,,
29.08.2015 18:00,47.08,,25.85,,91.29,,"1,005.22",,0.35,,153.25,,14.65,,121.05,,
29.08.2015 19:00,25.08,,25.65,,89.35,,"1,005.50",,0.20,,81.30,,14.65,,121.05,,
29.08.2015 20:00,50.19,,25.85,,90.61,,"1,006.11",,0.28,,195.27,,14.65,,121.05,,
29.08.2015 21:00,56.14,,25.95,,89.67,,"1,006.73",,0.30,,343.98,,14.65,,121.05,,
29.08.2015 22:00,48.47,,25.55,,92.03,,"1,007.01",,0.37,,336.42,,14.65,,121.05,,
29.08.2015 23:00,44.63,,25.40,,92.75,,"1,007.20",,0.32,,353.34,,14.65,,121.05,,
30.08.2015 00:00,39.89,,25.21,,94.26,,"1,006.83",,0.19,,162.67,,14.65,,121.05,,
30.08.2015 01:00,35.91,,25.00,,94.86,,"1,006.34",,0.22,,137.78,,14.65,,121.05,,
30.08.2015 02:00,35.42,,24.97,,94.04,,"1,005.52",,0.14,,25.75,,14.65,,121.05,,
30.08.2015 03:00,41.44,,24.90,,94.79,,"1,005.23",,0.10,,149.65,,14.65,,121.05,,
30.08.2015 04:00,32.87,,24.83,,94.62,,"1,005.31",,0.20,,181.81,,14.65,,121.05,,
30.08.2015 05:00,37.37,,24.86,,95.17,,"1,005.59",,0.09,,242.02,,14.65,,121.05,,
30.08.2015 06:00,41.11,,24.82,,96.08,,"1,005.48",,0.27,,78.01,,14.65,,121.05,,
30.08.2015 07:00,42.59,,25.17,,95.19,,"1,006.09",,0.08,,230.29,,14.65,,121.05,,
30.08.2015 08:00,35.98,,26.98,,85.72,,"1,006.49",,0.24,,128.51,,14.65,,121.05,,
30.08.2015 09:00,24.14,,28.97,,74.38,,"1,006.72",,0.35,,248.29,,14.65,,121.05,,
30.08.2015 10:00,25.58,,29.64,,71.11,,"1,006.73",,0.43,,236.01,,14.65,,121.05,,
30.08.2015 11:00,27.87,,30.35,,68.69,,"1,006.65",,0.48,,91.25,,14.65,,121.05,,
30.08.2015 12:00,19.14,,31.91,,60.39,,"1,006.14",,0.81,,336.75,,14.65,,121.05,,
30.08.2015 13:00,12.70,,32.73,,52.37,,"1,005.18",,0.77,,318.52,,14.65,,121.05,,
30.08.2015 14:00,11.36,,33.09,,50.79,,"1,004.38",,0.75,,265.57,,14.65,,121.05,,
30.08.2015 15:00,14.52,,33.11,,55.37,,"1,003.81",,0.87,,324.98,,14.65,,121.05,,
30.08.2015 16:00,21.11,,31.63,,62.73,,"1,003.87",,0.73,,229.18,,14.65,,121.05,,
30.08.2015 17:00,16.86,,30.95,,69.08,,"1,003.98",,0.80,,243.80,,14.65,,121.05,,
30.08.2015 18:00,19.52,,28.69,,81.41,,"1,004.19",,0.81,,131.35,,14.65,,121.05,,
30.08.2015 19:00,24.25,,25.22,,94.62,,"1,005.16",,0.75,,193.13,,14.65,,121.05,,
30.08.2015 20:00,18.09,,24.49,,95.09,,"1,006.50",,0.73,,336.19,,14.65,,121.05,,
30.08.2015 21:00,13.48,,24.13,,94.67,,"1,007.60",,0.48,,169.57,,14.65,,121.05,,
30.08.2015 22:00,12.01,,24.02,,94.29,,"1,008.18",,0.54,,335.76,,14.65,,121.05,,
30.08.2015 23:00,11.41,,23.87,,94.41,,"1,007.99",,0.35,,289.07,,14.65,,121.05,,
Datum/Zeit, PM2.5,,GRIMM-392 Temp.,,GRIMM-392 Humidity,,GRIMM-392 Pressure,,GRIMM-392 W.Speed,,GRIMM-392 W.Direct,,GRIMM-392 GpsNorth,,GRIMM-392 GpsEast,,
31.08.2015 00:00,15.57,,23.74,,94.52,,"1,007.39",,0.41,,182.61,,14.65,,121.05,,
31.08.2015 01:00,16.68,,23.65,,93.23,,"1,006.70",,0.22,,318.44,,14.65,,121.05,,
31.08.2015 02:00,21.42,,23.48,,94.54,,"1,006.15",,0.18,,50.21,,14.65,,121.05,,
31.08.2015 03:00,19.62,,23.30,,94.83,,"1,005.39",,0.24,,17.95,,14.65,,121.05,,
31.08.2015 04:00,24.80,,23.28,,95.44,,"1,005.27",,0.04,,,,14.65,,121.05,,
31.08.2015 05:00,33.59,,23.29,,95.93,,"1,005.76",,0.18,,50.67,,14.65,,121.05,,
31.08.2015 06:00,44.02,,23.38,,96.07,,"1,005.98",,0.16,,43.29,,14.65,,121.05,,
31.08.2015 07:00,43.84,,23.94,,94.87,,"1,006.41",,0.24,,59.83,,14.65,,121.05,,
31.08.2015 08:00,30.83,,24.96,,89.93,,"1,007.10",,0.24,,27.28,,14.65,,121.05,,
31.08.2015 09:00,33.12,,27.27,,80.75,,"1,007.37",,0.45,,35.51,,14.65,,121.05,,
31.08.2015 10:00,20.82,,29.28,,70.72,,"1,007.35",,0.47,,23.17,,14.65,,121.05,,
31.08.2015 11:00,18.62,,30.95,,63.88,,"1,007.06",,0.52,,344.15,,14.65,,121.05,,
31.08.2015 12:00,13.61,,31.33,,63.93,,"1,006.66",,0.68,,296.54,,14.65,,121.05,,
31.08.2015 13:00,12.19,,31.60,,63.17,,"1,005.82",,0.70,,330.98,,14.65,,121.05,,
31.08.2015 14:00,11.93,,31.49,,64.69,,"1,005.05",,0.73,,277.72,,14.65,,121.05,,
31.08.2015 15:00,14.27,,32.27,,63.79,,"1,004.64",,0.71,,215.21,,14.65,,121.05,,
31.08.2015 16:00,17.29,,31.84,,66.36,,"1,004.31",,0.79,,246.40,,14.65,,121.05,,
31.08.2015 17:00,15.67,,30.59,,73.32,,"1,004.19",,0.54,,267.90,,14.65,,121.05,,
31.08.2015 18:00,21.21,,28.81,,74.20,,"1,004.92",,0.75,,178.17,,14.65,,121.05,,
31.08.2015 19:00,31.69,,27.71,,73.44,,"1,005.49",,0.32,,199.43,,14.65,,121.05,,
31.08.2015 20:00,36.10,,27.37,,75.54,,"1,006.01",,0.31,,50.80,,14.65,,121.05,,
31.08.2015 21:00,36.03,,27.37,,76.07,,"1,006.45",,0.08,,220.86,,14.65,,121.05,,
31.08.2015 22:00,34.52,,27.26,,78.28,,"1,006.99",,0.14,,258.62,,14.65,,121.05,,
31.08.2015 23:00,36.42,,26.58,,81.65,,"1,006.95",,0.10,,61.49,,14.65,,121.05,,
01.09.2015 00:00,38.82,,26.36,,83.56,,"1,006.83",,0.10,,148.71,,14.65,,121.05,,
01.09.2015 01:00,38.77,,26.71,,83.76,,"1,006.62",,0.08,,63.35,,14.65,,121.05,,
01.09.2015 02:00,38.16,,26.61,,85.28,,"1,006.21",,0.22,,36.38,,14.65,,121.05,,
01.09.2015 03:00,44.86,,26.26,,87.76,,"1,005.81",,0.12,,48.69,,14.65,,121.05,,
01.09.2015 04:00,41.05,,25.74,,89.61,,"1,005.39",,0.11,,34.53,,14.65,,121.05,,
01.09.2015 05:00,48.87,,25.53,,91.00,,"1,005.31",,0.13,,39.48,,14.65,,121.05,,
01.09.2015 06:00,43.71,,25.45,,91.13,,"1,005.32",,0.04,,53.98,F,14.65,,121.05,,
01.09.2015 07:00,41.45,,26.17,,87.18,,"1,005.53",,0.15,,271.72,,14.65,,121.05,,
01.09.2015 08:00,34.47,,28.22,,77.65,,"1,005.88",,0.36,,171.38,,14.65,,121.05,,
01.09.2015 09:00,34.42,,29.62,,71.97,,"1,006.29",,0.53,,313.64,,14.65,,121.05,,
01.09.2015 10:00,24.38,,30.56,,66.57,,"1,006.31",,0.57,,187.35,,14.65,,121.05,,
01.09.2015 11:00,28.44,,31.51,,62.48,,"1,006.27",,0.58,,177.16,,14.65,,121.05,,
01.09.2015 12:00,22.02,,30.66,,64.37,,"1,005.87",,0.50,,158.17,,14.65,,121.05,,
01.09.2015 13:00,17.30,,31.20,,62.52,,"1,005.12",,0.65,,181.06,,14.65,,121.05,,
01.09.2015 14:00,19.12,,31.72,,61.62,,"1,004.45",,0.70,,185.49,,14.65,,121.05,,
01.09.2015 15:00,23.24,,30.81,,66.14,,"1,004.24",,0.58,,279.66,,14.65,,121.05,,
01.09.2015 16:00,30.14,,28.10,,81.78,,"1,004.59",,0.62,,167.53,,14.65,,121.05,,
01.09.2015 17:00,31.16,,27.49,,86.27,,"1,004.46",,0.45,,193.81,,14.65,,121.05,,
01.09.2015 18:00,27.94,,27.75,,83.00,,"1,004.64",,0.46,,327.70,,14.65,,121.05,,
01.09.2015 19:00,31.73,,27.44,,83.59,,"1,005.25",,0.23,,146.79,,14.65,,121.05,,
01.09.2015 20:00,45.00,,27.81,,83.10,,"1,006.12",,0.39,,72.35,,14.65,,121.05,,
01.09.2015 21:00,50.29,,27.47,,85.22,,"1,006.15",,0.24,,35.93,,14.65,,121.05,,
01.09.2015 22:00,58.63,,27.03,,88.21,,"1,006.90",,0.29,,182.51,,14.65,,121.05,,
01.09.2015 23:00,38.26,,26.89,,88.42,,"1,007.50",,0.33,,188.64,,14.65,,121.05,,
02.09.2015 00:00,31.60,,26.79,,89.88,,"1,007.09",,0.23,,335.81,,14.65,,121.05,,
02.09.2015 01:00,36.31,,26.53,,91.56,,"1,006.75",,0.22,,188.29,,14.65,,121.05,,
02.09.2015 02:00,33.01,,26.46,,91.61,,"1,006.18",,0.17,,57.33,,14.65,,121.05,,
02.09.2015 03:00,30.40,,26.03,,91.32,,"1,006.28",,0.19,,52.75,,14.65,,121.05,,
02.09.2015 04:00,35.72,,25.96,,91.10,,"1,006.02",,0.26,,14.35,,14.65,,121.05,,
02.09.2015 05:00,33.11,,25.76,,91.05,,"1,006.00",,0.28,,194.79,,14.65,,121.05,,
02.09.2015 06:00,32.27,,26.02,,89.96,,"1,006.18",,0.25,,180.31,,14.65,,121.05,,
02.09.2015 07:00,28.07,,26.50,,88.08,,"1,006.21",,0.51,,341.90,,14.65,,121.05,,
02.09.2015 08:00,24.66,,27.84,,81.88,,"1,006.62",,0.56,,334.33,,14.65,,121.05,,
02.09.2015 09:00,15.19,,29.50,,74.65,,"1,006.74",,0.71,,342.53,,14.65,,121.05,,
02.09.2015 10:00,21.63,,29.29,,76.08,,"1,006.89",,0.74,,331.53,,14.65,,121.05,,
02.09.2015 11:00,14.51,,29.92,,74.42,,"1,006.90",,0.58,,313.04,,14.65,,121.05,,
02.09.2015 12:00,19.06,,29.97,,75.56,,"1,006.56",,0.64,,353.26,,14.65,,121.05,,
02.09.2015 13:00,17.21,,28.06,,86.46,,"1,006.13",,0.65,,324.24,,14.65,,121.05,,
02.09.2015 14:00,17.60,,28.80,,82.87,,"1,005.24",,0.54,,326.29,,14.65,,121.05,,
02.09.2015 15:00,24.73,,28.89,,87.36,,"1,004.90",,0.41,,312.98,,14.65,,121.05,,
02.09.2015 16:00,15.56,,30.76,,75.71,,"1,004.36",,0.46,,327.17,,14.65,,121.05,,
02.09.2015 17:00,6.58,,31.83,,65.64,,"1,004.65",,0.43,,206.70,,14.65,,121.05,,
02.09.2015 18:00,10.13,,30.77,,69.21,,"1,005.10",,0.16,,176.00,,14.65,,121.05,,
02.09.2015 19:00,16.83,,30.04,,72.39,,"1,005.84",,0.27,,200.08,,14.65,,121.05,,
02.09.2015 20:00,24.36,,29.09,,76.56,,"1,006.39",,0.22,,205.78,,14.65,,121.05,,
02.09.2015 21:00,43.90,,28.01,,80.49,,"1,007.01",,0.34,,175.57,,14.65,,121.05,,
02.09.2015 22:00,51.75,,27.57,,83.50,,"1,008.02",,0.24,,134.66,,14.65,,121.05,,
02.09.2015 23:00,49.53,,27.64,,84.97,,"1,008.43",,0.26,,152.93,,14.65,,121.05,,
03.09.2015 00:00,32.28,,27.53,,85.04,,"1,007.94",,0.32,,341.11,,14.65,,121.05,,
03.09.2015 01:00,15.75,,26.66,,86.36,,"1,007.93",,0.48,,339.50,,14.65,,121.05,,
03.09.2015 02:00,18.85,,25.89,,91.40,,"1,007.49",,0.16,,295.27,,14.65,,121.05,,
03.09.2015 03:00,23.47,,25.67,,93.81,,"1,007.07",,0.26,,160.93,,14.65,,121.05,,
03.09.2015 04:00,34.32,,25.60,,95.51,,"1,007.07",,0.24,,16.61,,14.65,,121.05,,
03.09.2015 05:00,40.31,,25.43,,94.87,,"1,007.26",,0.20,,30.84,,14.65,,121.05,,
03.09.2015 06:00,31.79,,25.12,,95.15,,"1,007.36",,0.11,,247.97,,14.65,,121.05,,
03.09.2015 07:00,40.59,,25.52,,94.42,,"1,007.59",,0.16,,178.33,,14.65,,121.05,,
03.09.2015 08:00,51.91,,27.03,,88.80,,"1,007.96",,0.25,,126.22,,14.65,,121.05,,
03.09.2015 09:00,49.33,,29.42,,79.88,,"1,008.04",,0.52,,174.58,,14.65,,121.05,,
03.09.2015 10:00,30.42,,31.01,,68.43,,"1,007.99",,0.69,,152.21,,14.65,,121.05,,
03.09.2015 11:00,41.94,,31.22,,70.43,,"1,007.73",,0.58,,343.54,,14.65,,121.05,,
03.09.2015 12:00,21.29,,32.31,,63.94,,"1,007.34",,0.81,,156.28,,14.65,,121.05,,
03.09.2015 13:00,37.56,,32.36,,67.40,,"1,006.48",,0.75,,87.73,,14.65,,121.05,,
03.09.2015 14:00,42.29,,30.34,,75.40,,"1,005.69",,0.77,,181.52,,14.65,,121.05,,
03.09.2015 15:00,34.91,,33.23,,63.75,,"1,005.30",,0.69,,354.60,,14.65,,121.05,,
03.09.2015 16:00,15.89,,28.24,,83.59,,"1,005.73",,0.92,,322.51,,14.65,,121.05,,
03.09.2015 17:00,31.60,,27.73,,89.07,,"1,006.30",,0.45,,178.45,,14.65,,121.05,,
03.09.2015 18:00,31.34,,28.01,,85.96,,"1,006.73",,0.42,,343.27,,14.65,,121.05,,
03.09.2015 19:00,39.61,,27.75,,87.93,,"1,007.29",,0.18,,252.09,,14.65,,121.05,,
03.09.2015 20:00,49.00,,28.09,,86.07,,"1,007.90",,0.19,,6.26,,14.65,,121.05,,
03.09.2015 21:00,50.15,,27.92,,87.25,,"1,008.57",,0.19,,185.98,,14.65,,121.05,,
03.09.2015 22:00,68.59,,27.45,,90.08,,"1,009.11",,0.22,,166.95,,14.65,,121.05,,
03.09.2015 23:00,56.88,,27.32,,90.53,,"1,009.59",,0.12,,120.36,,14.65,,121.05,,
04.09.2015 00:00,47.34,,27.02,,90.55,,"1,009.23",,0.18,,276.17,,14.65,,121.05,,
04.09.2015 01:00,32.97,,26.47,,90.42,,"1,008.79",,0.27,,350.31,,14.65,,121.05,,
04.09.2015 02:00,23.37,,26.22,,89.41,,"1,008.65",,0.17,,51.29,,14.65,,121.05,,
04.09.2015 03:00,24.37,,25.93,,91.21,,"1,008.06",,0.19,,289.91,,14.65,,121.05,,
04.09.2015 04:00,28.00,,25.67,,92.60,,"1,007.42",,0.21,,174.42,,14.65,,121.05,,
04.09.2015 05:00,30.48,,25.44,,92.89,,"1,007.71",,0.15,,245.22,,14.65,,121.05,,
04.09.2015 06:00,36.67,,25.16,,93.66,,"1,008.25",,0.15,,283.59,,14.65,,121.05,,
04.09.2015 07:00,28.12,,25.91,,89.37,,"1,008.43",,0.21,,,,14.65,,121.05,,
04.09.2015 08:00,27.01,,28.58,,77.83,,"1,008.79",,0.54,,147.76,,14.65,,121.05,,
04.09.2015 09:00,23.95,,30.76,,69.07,,"1,008.99",,0.67,,154.51,,14.65,,121.05,,
04.09.2015 10:00,19.24,,31.92,,63.64,,"1,008.75",,0.80,,173.84,,14.65,,121.05,,
04.09.2015 11:00,15.60,,32.56,,59.83,,"1,008.33",,0.86,,167.78,,14.65,,121.05,,
04.09.2015 12:00,30.55,,31.60,,67.45,,"1,007.97",,0.53,,227.62,,14.65,,121.05,,
04.09.2015 13:00,22.61,,29.65,,75.74,,"1,007.14",,0.62,,213.66,,14.65,,121.05,,
04.09.2015 14:00,24.88,,29.02,,84.70,,"1,005.69",,0.28,,229.83,,14.65,,121.05,,
04.09.2015 15:00,26.78,,30.49,,76.10,,"1,005.34",,0.30,,73.85,,14.65,,121.05,,
04.09.2015 16:00,14.68,,30.21,,74.13,,"1,005.33",,0.60,,191.03,,14.65,,121.05,,
04.09.2015 17:00,10.39,,29.89,,74.25,,"1,005.58",,0.70,,180.77,,14.65,,121.04,,
04.09.2015 18:00,15.77,,29.59,,75.05,,"1,006.31",,0.39,,200.36,,14.65,,121.04,,
04.09.2015 19:00,28.16,,29.09,,78.77,,"1,006.68",,0.14,,164.32,,14.65,,121.04,,
04.09.2015 20:00,29.73,,28.83,,80.28,,"1,007.18",,0.11,,232.33,,14.65,,121.05,,
04.09.2015 21:00,30.98,,28.65,,80.40,,"1,007.92",,0.38,,120.78,,14.65,,121.05,,
04.09.2015 22:00,48.31,,28.02,,83.73,,"1,008.52",,0.26,,36.52,,14.65,,121.05,,
04.09.2015 23:00,20.69,,26.00,,82.15,,"1,009.46",,1.09,,344.06,,14.65,,121.05,,
05.09.2015 00:00,10.08,,24.64,,84.79,,"1,008.46",,0.53,,351.65,,14.65,,121.05,,
05.09.2015 01:00,14.67,,24.96,,85.50,,"1,008.00",,0.38,,348.42,,14.65,,121.05,,
05.09.2015 02:00,19.15,,25.00,,86.62,,"1,007.46",,0.22,,328.13,,14.65,,121.05,,
05.09.2015 03:00,19.58,,24.82,,89.02,,"1,007.07",,0.20,,146.47,,14.65,,121.05,,
05.09.2015 04:00,34.42,,24.63,,90.34,,"1,006.68",,0.17,,75.98,,14.65,,121.05,,
05.09.2015 05:00,33.98,,24.48,,91.23,,"1,006.88",,0.14,,54.79,,14.65,,121.05,,
05.09.2015 06:00,47.32,,24.45,,91.82,,"1,007.12",,0.21,,54.89,,14.65,,121.05,,
05.09.2015 07:00,46.82,,24.84,,91.17,,"1,007.77",,0.08,,,,14.65,,121.05,,
05.09.2015 08:00,41.62,,26.49,,83.79,,"1,008.14",,0.31,,188.06,,14.65,,121.05,,
05.09.2015 09:00,32.74,,28.64,,75.00,,"1,008.31",,0.53,,194.74,,14.65,,121.05,,
05.09.2015 10:00,30.78,,29.98,,69.68,,"1,008.19",,0.47,,52.39,,14.65,,121.05,,
05.09.2015 11:00,32.64,,30.79,,68.17,,"1,008.02",,0.53,,191.14,,14.65,,121.05,,
05.09.2015 12:00,40.85,,31.57,,66.29,,"1,007.25",,0.57,,105.79,,14.65,,121.05,,
05.09.2015 13:00,26.73,,31.65,,67.35,,"1,006.10",,0.57,,185.85,,14.65,,121.05,,
05.09.2015 14:00,16.58,,32.83,,60.95,,"1,004.88",,0.80,,135.04,,14.65,,121.05,,
05.09.2015 15:00,13.63,,33.30,,58.76,,"1,004.37",,0.86,,246.13,,14.65,,121.05,,
05.09.2015 16:00,18.24,,33.09,,60.56,,"1,003.86",,0.97,,265.04,,14.65,,121.05,,
05.09.2015 17:00,20.28,,31.11,,69.76,,"1,004.75",,0.74,,334.12,,14.65,,121.04,,
06.09.2015 00:00,,,,,,,,,,,,,,,,,
06.09.2015 01:00,,,,,,,,,,,,,,,,,
06.09.2015 02:00,,,,,,,,,,,,,,,,,
06.09.2015 03:00,36.49,,24.00,,97.32,,"1,005.94",,0.22,,195.25,,14.65,,121.05,,
06.09.2015 04:00,33.80,,24.32,,96.26,,"1,005.75",,0.21,,136.14,,14.65,,121.05,,
06.09.2015 05:00,39.60,,24.36,,95.89,,"1,005.71",,0.09,,56.73,,14.65,,121.05,,
06.09.2015 06:00,39.81,,24.28,,95.65,,"1,005.59",,0.15,,191.75,,14.65,,121.05,,
06.09.2015 07:00,45.64,,24.68,,93.99,,"1,005.91",,0.10,,,,14.65,,121.05,,
06.09.2015 08:00,24.45,,26.60,,86.46,,"1,006.25",,0.38,,159.09,,14.65,,121.05,,
06.09.2015 09:00,20.32,,29.09,,76.39,,"1,006.52",,0.38,,123.14,,14.65,,121.05,,
06.09.2015 10:00,15.99,,30.93,,67.30,,"1,006.38",,0.56,,128.46,,14.65,,121.05,,
06.09.2015 11:00,26.09,,31.59,,66.94,,"1,006.00",,0.73,,206.04,,14.65,,121.05,,
06.09.2015 12:00,19.68,,32.58,,61.34,,"1,005.24",,0.82,,246.48,,14.65,,121.05,,
06.09.2015 13:00,10.90,,33.03,,59.12,,"1,004.34",,0.93,,245.02,,14.65,,121.05,,
06.09.2015 14:00,13.75,,33.45,,58.81,,"1,003.21",,0.84,,198.13,,14.65,,121.05,,
06.09.2015 15:00,15.31,,33.47,,60.55,,"1,002.69",,0.88,,252.16,,14.65,,121.05,,
06.09.2015 16:00,12.15,,33.14,,63.05,,"1,002.51",,0.79,,280.45,,14.65,,121.05,,
06.09.2015 17:00,10.89,,32.24,,65.88,,"1,002.67",,0.75,,220.12,,14.65,,121.05,,
06.09.2015 18:00,12.49,,30.67,,73.74,,"1,003.27",,0.54,,215.79,,14.65,,121.05,,
06.09.2015 19:00,12.83,,28.89,,83.05,,"1,003.91",,0.67,,286.12,,14.65,,121.05,,
06.09.2015 20:00,10.10,,25.60,,94.07,,"1,004.68",,0.59,,210.59,,14.65,,121.05,,
06.09.2015 21:00,12.27,,25.61,,94.06,,"1,005.19",,0.34,,99.24,,14.65,,121.05,,
06.09.2015 22:00,24.15,,25.99,,94.22,,"1,005.73",,0.33,,137.24,,14.65,,121.05,,
06.09.2015 23:00,28.15,,26.13,,94.38,,"1,005.83",,0.37,,302.76,,14.65,,121.05,,
07.09.2015 00:00,24.90,,26.08,,94.79,,"1,005.21",,0.28,,25.12,,14.65,,121.05,,
07.09.2015 01:00,28.66,,26.12,,95.49,,"1,004.98",,0.23,,19.32,,14.65,,121.05,,
07.09.2015 02:00,26.54,,26.05,,95.31,,"1,004.30",,0.15,,200.92,,14.65,,121.05,,
07.09.2015 03:00,24.59,,25.85,,95.48,,"1,003.79",,0.23,,300.41,,14.65,,121.05,,
07.09.2015 04:00,20.39,,25.68,,95.65,,"1,003.31",,0.14,,24.39,,14.65,,121.05,,
07.09.2015 05:00,22.56,,25.70,,95.02,,"1,003.33",,0.19,,105.27,,14.65,,121.05,,
07.09.2015 06:00,31.35,,25.89,,94.75,,"1,003.58",,0.22,,43.46,,14.65,,121.05,,
07.09.2015 07:00,38.94,,26.47,,92.96,,"1,003.98",,0.22,,67.87,,14.65,,121.05,,
07.09.2015 08:00,26.55,,27.87,,87.38,,"1,004.47",,0.34,,106.95,,14.65,,121.05,,
07.09.2015 09:00,23.08,,29.83,,78.74,,"1,004.41",,0.54,,189.24,,14.65,,121.05,,
07.09.2015 10:00,24.54,,31.01,,72.15,,"1,004.09",,0.58,,143.73,,14.65,,121.05,,
07.09.2015 11:00,27.37,,30.93,,74.26,,"1,003.92",,0.51,,203.76,,14.65,,121.05,,
07.09.2015 12:00,22.27,,32.17,,68.41,,"1,003.62",,0.78,,176.27,,14.65,,121.05,,
07.09.2015 13:00,23.20,,32.80,,65.87,,"1,002.66",,0.69,,175.57,,14.65,,121.05,,
07.09.2015 14:00,16.77,,33.37,,62.70,,"1,002.01",,1.02,,221.68,,14.65,,121.05,,
07.09.2015 15:00,7.39,,32.27,,67.54,,"1,001.43",,0.90,,208.79,,14.65,,121.05,,
07.09.2015 16:00,6.03,,32.66,,65.36,,"1,001.53",,0.90,,220.66,,14.65,,121.05,,
07.09.2015 17:00,9.39,,30.62,,73.89,,"1,002.18",,0.74,,223.86,,14.65,,121.05,,
07.09.2015 18:00,8.95,,29.84,,77.72,,"1,002.92",,0.60,,223.95,,14.65,,121.05,,
07.09.2015 19:00,9.73,,29.70,,78.05,,"1,003.88",,0.51,,203.54,,14.65,,121.05,,
07.09.2015 20:00,23.27,,28.51,,82.41,,"1,004.52",,0.59,,44.45,,14.65,,121.05,,
07.09.2015 21:00,25.88,,25.67,,94.84,,"1,005.36",,0.38,,196.73,,14.65,,121.05,,
07.09.2015 22:00,22.74,,25.03,,95.58,,"1,006.17",,0.60,,326.69,,14.65,,121.05,,
07.09.2015 23:00,33.97,,24.98,,96.52,,"1,005.91",,0.34,,64.08,,14.65,,121.05,,
08.09.2015 00:00,36.29,,25.15,,96.69,,"1,005.50",,0.29,,286.95,,14.65,,121.05,,
08.09.2015 01:00,35.86,,25.09,,96.89,,"1,004.62",,0.13,,137.22,,14.65,,121.05,,
08.09.2015 02:00,47.73,,25.03,,97.17,,"1,003.93",,0.18,,177.57,,14.65,,121.05,,
08.09.2015 03:00,52.83,,24.98,,97.36,,"1,003.65",,0.25,,49.04,,14.65,,121.05,,
08.09.2015 04:00,42.19,,24.84,,97.21,,"1,003.34",,0.15,,185.19,,14.65,,121.05,,
08.09.2015 05:00,35.74,,24.63,,96.60,,"1,003.34",,0.10,,198.68,,14.65,,121.05,,
08.09.2015 06:00,38.57,,24.49,,96.44,,"1,003.46",,0.15,,33.88,,14.65,,121.05,,
08.09.2015 07:00,48.63,,24.99,,95.19,,"1,003.76",,0.14,,49.16,,14.65,,121.05,,
08.09.2015 08:00,32.23,,27.25,,86.90,,"1,004.01",,0.39,,164.45,,14.65,,121.05,,
08.09.2015 09:00,21.41,,29.39,,77.65,,"1,004.42",,0.49,,162.42,,14.65,,121.05,,
08.09.2015 10:00,14.45,,30.86,,68.67,,"1,004.43",,0.70,,151.22,,14.65,,121.05,,
08.09.2015 11:00,19.70,,32.31,,62.71,,"1,003.78",,0.67,,166.72,,14.65,,121.05,,
08.09.2015 12:00,26.70,,32.84,,62.36,,"1,003.09",,0.71,,112.23,,14.65,,121.05,,
08.09.2015 13:00,42.60,,32.15,,68.54,,"1,002.56",,0.59,,267.52,,14.65,,121.05,,
08.09.2015 14:00,33.68,,32.77,,67.32,,"1,001.73",,0.80,,183.42,,14.65,,121.05,,
08.09.2015 15:00,17.52,,33.29,,63.59,,"1,001.15",,0.89,,208.91,,14.65,,121.05,,
08.09.2015 16:00,7.63,,32.54,,61.95,,"1,001.54",,0.99,,213.93,,14.65,,121.05,,
08.09.2015 17:00,10.54,,31.99,,63.96,,"1,001.78",,0.79,,233.00,,14.65,,121.05,,
08.09.2015 18:00,8.18,,30.60,,70.14,,"1,002.76",,0.52,,220.93,,14.65,,121.05,,
08.09.2015 19:00,16.04,F,28.99,F,78.83,F,"1,003.69",F,0.65,F,98.01,F,14.65,F,121.05,F,F
08.09.2015 23:00,31.09,,24.85,,97.35,,"1,006.63",,0.27,,25.71,,14.65,,121.05,,
09.09.2015 00:00,29.43,,25.03,,97.02,,"1,005.95",,0.34,,29.21,,14.65,,121.05,,
09.09.2015 01:00,27.56,,25.24,,96.85,,"1,005.58",,0.34,,30.21,,14.65,,121.05,,
09.09.2015 02:00,23.48,,25.02,,97.21,,"1,005.09",,0.25,,39.37,,14.65,,121.05,,
09.09.2015 03:00,32.79,,25.13,,97.54,,"1,004.62",,0.20,,30.92,,14.65,,121.05,,
09.09.2015 04:00,23.54,,25.27,,97.79,,"1,003.95",,0.40,,41.26,,14.65,,121.05,,
09.09.2015 05:00,26.15,,25.20,,97.45,,"1,004.10",,0.19,,184.18,,14.65,,121.05,,
09.09.2015 06:00,28.64,,25.19,,96.73,,"1,004.67",,0.16,,18.24,,14.65,,121.05,,
09.09.2015 07:00,30.93,,25.74,,95.12,,"1,005.13",,0.18,,182.34,,14.65,,121.05,,
09.09.2015 08:00,18.18,,27.48,,88.45,,"1,005.99",,0.31,,79.03,,14.65,,121.05,,
09.09.2015 09:00,21.13,,29.05,,82.14,,"1,006.44",,0.52,,217.88,,14.65,,121.05,,
09.09.2015 10:00,15.43,,29.82,,77.82,,"1,006.69",,0.69,,224.40,,14.65,,121.05,,
09.09.2015 11:00,8.77,,31.27,,70.49,,"1,006.39",,0.91,,274.42,,14.65,,121.05,,
09.09.2015 12:00,6.81,,32.05,,64.53,,"1,005.98",,0.85,,236.75,,14.65,,121.05,,
09.09.2015 13:00,6.09,,32.44,,64.09,,"1,005.39",,1.04,,244.22,,14.65,,121.05,,
09.09.2015 14:00,5.89,,32.90,,63.28,,"1,004.17",,0.86,,224.36,,14.65,,121.05,,
09.09.2015 15:00,8.67,,32.95,,63.93,,"1,003.79",,0.96,,247.46,,14.65,,121.05,,
09.09.2015 16:00,7.15,,32.54,,63.37,,"1,004.08",,0.88,,252.05,,14.65,,121.05,,
09.09.2015 17:00,6.25,,31.39,,68.29,,"1,004.36",,0.99,,217.20,,14.65,,121.05,,
09.09.2015 18:00,6.24,,29.77,,75.37,,"1,004.46",,0.77,,214.97,,14.65,,121.05,,
09.09.2015 19:00,9.38,,29.04,,77.57,,"1,005.64",,0.59,,210.59,,14.65,,121.05,,
09.09.2015 20:00,9.84,,29.21,,79.38,,"1,006.72",,0.53,,203.09,,14.65,,121.05,,
09.09.2015 21:00,10.43,,27.64,,88.68,,"1,007.40",,0.76,,145.68,,14.65,,121.05,,
09.09.2015 22:00,12.39,,25.66,,96.22,,"1,007.56",,0.43,,49.50,,14.65,,121.05,,
09.09.2015 23:00,18.00,,25.45,,96.69,,"1,007.78",,0.47,,49.43,,14.65,,121.05,,
10.09.2015 00:00,15.34,,25.21,,95.83,,"1,007.68",,0.52,,272.01,,14.65,,121.05,,
10.09.2015 01:00,18.87,,25.32,,96.94,,"1,007.17",,0.35,,27.04,,14.65,,121.05,,
10.09.2015 02:00,16.99,,25.18,,97.38,,"1,006.62",,0.20,,122.58,,14.65,,121.05,,
10.09.2015 03:00,18.28,,25.11,,97.12,,"1,006.05",,0.24,,44.70,,14.65,,121.05,,
10.09.2015 04:00,27.37,,25.15,,97.44,,"1,005.72",,0.21,,35.93,,14.65,,121.05,,
10.09.2015 05:00,30.83,,25.24,,97.53,,"1,005.76",,0.20,,42.62,,14.65,,121.05,,
10.09.2015 06:00,29.22,,25.36,,97.36,,"1,006.23",,0.36,,118.61,,14.65,,121.05,,
10.09.2015 07:00,24.59,,25.68,,97.69,,"1,006.75",,0.31,,99.05,,14.65,,121.05,,
10.09.2015 08:00,22.65,,27.09,,91.94,,"1,007.16",,0.43,,205.67,,14.65,,121.05,,
10.09.2015 09:00,21.09,,29.34,,83.00,,"1,007.33",,0.46,,171.87,,14.65,,121.05,,
10.09.2015 10:00,18.18,,30.62,,74.16,,"1,007.28",,0.68,,208.81,,14.65,,121.05,,
10.09.2015 11:00,15.55,,31.07,,73.01,,"1,007.48",,0.79,,208.25,,14.65,,121.05,,
10.09.2015 12:00,12.99,,30.74,,74.52,,"1,007.07",,0.88,,208.98,,14.65,,121.05,,
10.09.2015 13:00,6.98,,29.63,,76.67,,"1,006.04",,0.68,,213.53,,14.65,,121.05,,
10.09.2015 14:00,7.49,F,29.77,F,76.94,F,"1,005.67",F,0.57,F,205.69,F,14.65,F,121.05,F,F
10.09.2015 15:00,,,,,,,,,,,,,,,,,
10.09.2015 16:00,,,,,,,,,,,,,,,,,
10.09.2015 17:00,,,,,,,,,,,,,,,,,
10.09.2015 18:00,,,,,,,,,,,,,,,,,
10.09.2015 19:00,,,,,,,,,,,,,,,,,
10.09.2015 20:00,,,,,,,,,,,,,,,,,
10.09.2015 21:00,,,,,,,,,,,,,,,,,
10.09.2015 22:00,,,,,,,,,,,,,,,,,
11.09.2015 23:00,43.83,,25.31,,95.24,,"1,006.30",,0.16,,52.01,,14.65,,121.05,,
Datum/Zeit, PM2.5,,GRIMM-392 Temp.,,GRIMM-392 Humidity,,GRIMM-392 Pressure,,GRIMM-392 W.Speed,,GRIMM-392 W.Direct,,GRIMM-392 GpsNorth,,GRIMM-392 GpsEast,,
12.09.2015 00:00,47.15,,25.47,,94.21,,"1,006.02",,0.15,,48.16,,14.65,,121.05,,
12.09.2015 01:00,39.83,,25.23,,94.05,,"1,005.41",,0.19,,63.64,,14.65,,121.05,,
12.09.2015 02:00,40.93,,24.98,,95.41,,"1,004.83",,0.13,,42.96,,14.65,,121.05,,
12.09.2015 03:00,30.29,,24.75,,95.41,,"1,004.37",,0.06,,352.91,,14.65,,121.05,,
12.09.2015 04:00,29.56,,24.68,,95.70,,"1,004.16",,0.15,,167.05,,14.65,,121.05,,
12.09.2015 05:00,42.27,,24.60,,96.25,,"1,004.12",,0.06,,53.42,F,14.65,,121.05,,
12.09.2015 06:00,49.37,,24.36,,96.36,,"1,004.43",,0.26,,105.54,,14.65,,121.05,,
12.09.2015 07:00,45.17,,24.63,,93.70,,"1,004.97",,0.13,,179.90,,14.65,,121.05,,
12.09.2015 08:00,30.45,,25.15,,90.51,,"1,005.41",,0.27,,126.97,,14.65,,121.05,,
12.09.2015 09:00,14.77,,28.12,,78.26,,"1,005.83",,0.49,,194.41,,14.65,,121.05,,
12.09.2015 10:00,9.44,,29.83,,68.62,,"1,005.65",,0.58,,117.68,,14.65,,121.05,,
12.09.2015 11:00,11.02,,31.28,,62.69,,"1,005.23",,0.74,,154.90,,14.65,,121.05,,
12.09.2015 12:00,8.12,,32.40,,59.87,,"1,004.42",,0.90,,169.99,,14.65,,121.05,,
12.09.2015 13:00,6.92,,32.95,,57.40,,"1,003.56",,0.78,,223.32,,14.65,,121.05,,
12.09.2015 14:00,28.24,,31.79,,65.79,,"1,002.61",,0.59,,344.96,,14.65,,121.05,,
12.09.2015 15:00,25.00,,32.09,,66.57,,"1,002.30",,0.70,,336.78,,14.65,,121.05,,
12.09.2015 16:00,15.38,,30.47,,71.36,,"1,002.15",,0.77,,160.55,,14.65,,121.05,,
12.09.2015 17:00,18.12,,28.37,,79.84,,"1,002.72",,0.41,,255.03,,14.65,,121.05,,
12.09.2015 18:00,14.11,,27.75,,81.57,,"1,003.35",,0.39,,180.33,,14.65,,121.05,,
12.09.2015 19:00,19.66,,27.62,,82.98,,"1,004.36",,0.22,,196.11,,14.65,,121.05,,
12.09.2015 20:00,13.64,,27.20,,83.89,,"1,005.04",,0.29,,135.09,,14.65,,121.05,,
12.09.2015 21:00,15.49,,26.48,,90.04,,"1,006.04",,0.42,,216.61,,14.65,,121.05,,
12.09.2015 22:00,17.18,,25.41,,96.95,,"1,006.73",,0.35,,65.66,,14.65,,121.05,,
12.09.2015 23:00,19.84,,25.50,,96.71,,"1,006.95",,0.29,,75.99,,14.65,,121.05,,
13.09.2015 00:00,22.09,,25.47,,96.50,,"1,007.00",,0.26,,168.53,,14.65,,121.05,,
13.09.2015 01:00,20.31,,25.16,,97.42,,"1,006.60",,0.48,,330.01,,14.65,,121.05,,
13.09.2015 02:00,15.35,,24.84,,97.24,,"1,005.67",,0.23,,184.37,,14.65,,121.05,,
13.09.2015 03:00,17.47,,24.72,,97.23,,"1,004.84",,0.22,,16.63,,14.65,,121.05,,
13.09.2015 04:00,23.30,,24.88,,97.41,,"1,004.91",,0.17,,140.74,,14.65,,121.05,,
13.09.2015 05:00,37.45,,24.97,,97.80,,"1,005.16",,0.16,,163.93,,14.65,,121.05,,
13.09.2015 06:00,32.08,,24.86,,97.80,,"1,005.02",,0.21,,218.05,,14.65,,121.05,,
13.09.2015 07:00,43.36,,25.11,,97.42,,"1,005.09",,0.17,,155.67,,14.65,,121.05,,
13.09.2015 08:00,51.55,,25.54,,97.36,,"1,005.67",,0.16,,305.36,,14.65,,121.05,,
13.09.2015 09:00,58.79,,26.58,,93.70,,"1,006.45",,0.17,,201.86,,14.65,,121.05,,
13.09.2015 10:00,51.45,,28.45,,83.83,,"1,006.60",,0.43,,174.78,,14.65,,121.05,,
13.09.2015 11:00,22.20,,30.25,,72.51,,"1,006.28",,0.52,,170.67,,14.65,,121.05,,
13.09.2015 12:00,29.10,,29.18,,78.49,,"1,005.72",,0.45,,281.20,,14.65,,121.05,,
13.09.2015 13:00,30.83,,28.41,,86.28,,"1,004.95",,0.50,,9.25,,14.65,,121.05,,
13.09.2015 14:00,18.16,,26.33,,91.18,,"1,004.38",,0.59,,202.15,,14.65,,121.05,,
13.09.2015 15:00,30.70,,26.00,,96.85,,"1,003.76",,0.18,,269.24,,14.65,,121.05,,
13.09.2015 16:00,26.08,,26.42,,93.95,,"1,003.78",,0.15,,231.67,,14.65,,121.05,,
13.09.2015 17:00,23.29,,26.00,,94.24,,"1,003.96",,0.36,,203.78,,14.65,,121.05,,
13.09.2015 18:00,36.51,,25.66,,96.14,,"1,004.37",,0.27,,19.20,,14.65,,121.05,,
13.09.2015 19:00,24.52,,25.36,,95.12,,"1,005.11",,0.24,,120.09,,14.65,,121.05,,
13.09.2015 20:00,31.46,,25.25,,96.05,,"1,005.81",,0.19,,174.19,,14.65,,121.05,,
13.09.2015 21:00,37.71,,24.82,,96.20,,"1,006.26",,0.13,,69.95,,14.65,,121.05,,
13.09.2015 22:00,27.90,,24.88,,96.78,,"1,007.17",,0.12,,253.11,F,14.65,,121.05,,
13.09.2015 23:00,26.28,,25.05,,96.84,,"1,007.23",,0.13,,65.23,,14.65,,121.05,,
14.09.2015 00:00,23.16,,25.26,,96.00,,"1,006.53",,0.40,,112.88,,14.65,,121.05,,
14.09.2015 01:00,30.69,,25.12,,96.43,,"1,006.18",,0.14,,308.37,,14.65,,121.05,,
14.09.2015 02:00,35.99,,25.02,,97.18,,"1,005.62",,0.16,,137.53,,14.65,,121.05,,
14.09.2015 03:00,30.33,,24.73,,97.81,,"1,005.12",,0.12,,179.42,,14.65,,121.05,,
14.09.2015 04:00,20.38,,24.93,,97.41,,"1,005.02",,0.16,,52.84,,14.65,,121.05,,
14.09.2015 05:00,15.03,,25.15,,96.06,,"1,005.34",,0.12,,191.74,,14.65,,121.05,,
14.09.2015 06:00,14.97,,25.32,,94.57,,"1,005.43",,0.25,,55.27,,14.65,,121.05,,
14.09.2015 07:00,21.55,,25.67,,93.17,,"1,005.54",,0.40,,170.67,,14.65,,121.05,,
14.09.2015 08:00,22.25,,27.52,,84.47,,"1,005.93",,0.45,,116.29,,14.65,,121.05,,
14.09.2015 09:00,24.99,,29.08,,76.73,,"1,006.44",,0.43,,166.20,,14.65,,121.05,,
14.09.2015 10:00,33.07,,30.26,,71.75,,"1,006.26",,0.60,,19.59,,14.65,,121.05,,
14.09.2015 11:00,23.66,,29.85,,73.58,,"1,006.18",,0.53,,11.85,,14.65,,121.05,,
14.09.2015 12:00,19.27,,29.33,,74.94,,"1,005.97",,0.44,,120.69,,14.65,,121.05,,
14.09.2015 13:00,19.80,,29.63,,73.92,,"1,005.12",,0.37,,134.93,,14.65,,121.05,,
14.09.2015 14:00,17.13,,30.76,,67.40,,"1,004.26",,0.50,,338.12,,14.65,,121.05,,
14.09.2015 15:00,26.94,,28.95,,76.13,,"1,003.78",,0.46,,200.49,,14.65,,121.05,,
14.09.2015 16:00,28.68,,28.19,,79.09,,"1,003.86",,0.51,,295.93,,14.65,,121.05,,
14.09.2015 17:00,26.14,,28.66,,76.32,,"1,004.28",,0.38,,86.05,,14.65,,121.05,,
14.09.2015 18:00,19.68,,27.43,,86.19,,"1,004.75",,0.40,,139.43,,14.65,,121.05,,
14.09.2015 19:00,20.03,,26.07,,92.77,,"1,005.54",,0.60,,129.25,,14.65,,121.05,,
14.09.2015 20:00,24.85,,25.46,,95.09,,"1,006.49",,0.30,,88.88,,14.65,,121.05,,
14.09.2015 21:00,36.27,,25.42,,95.49,,"1,006.81",,0.13,,16.61,,14.65,,121.05,,
14.09.2015 22:00,43.56,,25.53,,95.38,,"1,007.70",,0.13,,164.43,,14.65,,121.05,,
14.09.2015 23:00,41.32,,25.72,,93.99,,"1,007.80",,0.23,,185.04,,14.65,,121.05,,
15.09.2015 00:00,35.84,,25.54,,94.53,,"1,007.20",,0.18,,49.31,,14.65,,121.05,,
15.09.2015 01:00,34.52,,25.22,,95.56,,"1,006.76",,0.12,,,,14.65,,121.05,,
15.09.2015 02:00,39.27,,25.11,,96.08,,"1,006.53",,0.15,,349.27,,14.65,,121.05,,
15.09.2015 03:00,43.73,,24.94,,96.74,,"1,006.13",,0.21,,45.19,,14.65,,121.05,,
15.09.2015 04:00,40.71,,24.68,,97.12,,"1,005.97",,0.28,,61.29,,14.65,,121.05,,
15.09.2015 05:00,45.02,,24.47,,96.88,,"1,006.00",,0.21,,167.70,,14.65,,121.05,,
15.09.2015 06:00,59.87,,24.36,,97.13,,"1,006.06",,0.05,,,,14.65,,121.05,,
15.09.2015 07:00,64.44,,25.15,,93.66,,"1,006.18",,0.16,,152.83,,14.65,,121.05,,
15.09.2015 08:00,40.17,,27.43,,83.29,,"1,006.36",,0.37,,178.76,,14.65,,121.05,,
15.09.2015 09:00,24.22,,29.70,,73.04,,"1,006.37",,0.56,,313.14,,14.65,,121.05,,
15.09.2015 10:00,18.21,,31.12,,65.94,,"1,006.24",,0.63,,137.26,,14.65,,121.05,,
15.09.2015 11:00,26.32,,31.92,,64.64,,"1,005.79",,0.61,,165.36,,14.65,,121.05,,
15.09.2015 12:00,31.27,,31.79,,68.17,,"1,005.23",,0.64,,256.26,,14.65,,121.05,,
15.09.2015 13:00,34.70,,32.60,,64.89,,"1,004.28",,0.74,,174.71,,14.65,,121.05,,
15.09.2015 14:00,28.89,,32.11,,67.99,,"1,003.30",,0.85,,190.38,,14.65,,121.05,,
15.09.2015 15:00,29.43,,25.22,,96.47,,"1,003.88",,0.73,,12.33,,14.65,,121.05,,
15.09.2015 16:00,37.75,,25.34,,97.19,,"1,003.18",,0.41,,195.76,,14.65,,121.05,,
15.09.2015 17:00,33.14,,25.77,,95.16,,"1,003.48",,0.31,,176.35,,14.65,,121.05,,
15.09.2015 18:00,44.50,,26.12,,94.27,,"1,003.88",,0.22,,26.05,,14.65,,121.05,,
15.09.2015 19:00,79.58,,26.21,,95.48,,"1,004.70",,0.24,,61.76,,14.65,,121.05,,
15.09.2015 20:00,96.64,,26.56,,94.82,,"1,005.57",,0.07,,,,14.65,,121.05,,
15.09.2015 21:00,39.83,,26.57,,92.65,,"1,006.15",,0.41,,62.41,,14.65,,121.05,,
15.09.2015 22:00,64.14,,26.36,,94.44,,"1,006.80",,0.28,,57.09,,14.65,,121.05,,
15.09.2015 23:00,87.05,,26.24,,95.36,,"1,006.86",,0.23,,195.26,,14.65,,121.05,,
16.09.2015 00:00,53.50,,25.79,,94.48,,"1,006.77",,0.16,,15.21,,14.65,,121.05,,
16.09.2015 01:00,42.57,,25.43,,94.38,,"1,006.20",,0.21,,13.28,,14.65,,121.05,,
16.09.2015 02:00,27.19,,25.05,,92.53,,"1,005.70",,0.29,,186.09,,14.65,,121.05,,
16.09.2015 03:00,27.10,,24.76,,95.26,,"1,005.36",,0.36,,188.25,,14.65,,121.05,,
16.09.2015 04:00,26.12,,24.48,,96.16,,"1,005.27",,0.12,,311.78,F,14.65,,121.05,,
16.09.2015 05:00,31.35,,24.19,,97.07,,"1,004.97",,0.16,,149.07,,14.65,,121.05,,
16.09.2015 06:00,44.53,,23.95,,96.97,,"1,005.12",,0.19,,189.40,,14.65,,121.05,,
16.09.2015 07:00,46.49,,24.47,,93.87,,"1,005.49",,0.28,,204.90,,14.65,,121.05,,
16.09.2015 08:00,29.45,,27.02,,82.15,,"1,006.14",,0.44,,50.45,,14.65,,121.05,,
16.09.2015 09:00,22.71,,29.56,,70.66,,"1,006.60",,0.55,,124.40,,14.65,,121.05,,
16.09.2015 10:00,19.73,,31.14,,63.54,,"1,006.67",,0.77,,78.93,,14.65,,121.05,,
16.09.2015 11:00,16.19,,32.23,,57.99,,"1,006.19",,0.72,,151.06,,14.65,,121.05,,
16.09.2015 12:00,38.04,,31.98,,65.21,,"1,005.57",,0.69,,309.31,,14.65,,121.05,,
16.09.2015 13:00,25.72,,32.29,,62.38,,"1,004.76",,0.81,,163.65,,14.65,,121.05,,
16.09.2015 14:00,30.55,,28.11,,83.07,,"1,004.57",,0.81,,169.34,,14.65,,121.05,,
16.09.2015 15:00,34.56,,27.28,,86.84,,"1,004.46",,0.56,,122.48,,14.65,,121.05,,
16.09.2015 16:00,19.42,,26.07,,91.23,,"1,004.26",,0.47,,60.01,,14.65,,121.05,,
16.09.2015 17:00,27.08,,26.04,,89.23,,"1,004.33",,0.32,,54.92,,14.65,,121.05,,
16.09.2015 18:00,36.47,,26.05,,89.86,,"1,004.77",,0.33,,239.93,,14.65,,121.05,,
16.09.2015 19:00,40.30,,25.85,,90.63,,"1,005.62",,0.19,,58.36,,14.65,,121.05,,
16.09.2015 20:00,47.38,,26.33,,89.23,,"1,006.86",,0.12,,39.77,,14.65,,121.05,,
16.09.2015 21:00,58.92,,25.84,,92.35,,"1,007.41",,0.14,,185.07,,14.65,,121.05,,
16.09.2015 22:00,57.29,,25.81,,91.46,,"1,007.85",,0.11,,190.54,,14.65,,121.05,,
16.09.2015 23:00,40.16,,26.06,,89.62,,"1,007.93",,0.49,,353.91,,14.65,,121.05,,
17.09.2015 00:00,22.85,,25.79,,88.97,,"1,007.82",,0.43,,353.07,,14.65,,121.05,,
17.09.2015 01:00,21.13,,25.26,,91.91,,"1,007.51",,0.21,,103.50,,14.65,,121.05,,
17.09.2015 02:00,29.13,,24.84,,94.51,,"1,007.20",,0.28,,196.54,,14.65,,121.05,,
17.09.2015 03:00,21.41,,24.77,,93.25,,"1,007.06",,0.16,,180.96,,14.65,,121.05,,
17.09.2015 04:00,23.69,,24.61,,92.84,,"1,006.48",,0.22,,172.21,,14.65,,121.05,,
17.09.2015 05:00,35.16,,24.40,,94.66,,"1,006.58",,0.16,,31.35,,14.65,,121.05,,
17.09.2015 06:00,39.34,,24.43,,94.05,,"1,006.86",,0.13,,24.74,,14.65,,121.05,,
17.09.2015 07:00,52.28,,24.87,,93.87,,"1,007.15",,0.14,,10.41,,14.65,,121.05,,
17.09.2015 08:00,43.19,,27.18,,84.27,,"1,007.66",,0.39,,209.44,,14.65,,121.05,,
17.09.2015 09:00,28.45,,29.25,,74.07,,"1,008.17",,0.63,,183.20,,14.65,,121.05,,
17.09.2015 10:00,21.12,,30.33,,69.24,,"1,008.67",,0.74,,114.04,,14.65,,121.05,,
17.09.2015 11:00,11.69,,31.87,,60.93,,"1,008.38",,0.78,,176.94,,14.65,,121.05,,
17.09.2015 12:00,7.62,,32.76,,56.40,,"1,007.46",,0.75,,206.08,,14.65,,121.05,,
17.09.2015 13:00,16.72,,32.93,,62.91,,"1,006.36",,0.74,,311.97,,14.65,,121.05,,
17.09.2015 14:00,16.88,,32.45,,65.57,,"1,005.47",,0.80,,257.80,,14.65,,121.05,,
17.09.2015 15:00,16.58,,31.17,,71.94,,"1,005.11",,0.55,,206.75,,14.65,,121.05,,
17.09.2015 16:00,16.67,,29.72,,78.80,,"1,005.23",,0.80,,137.22,,14.65,,121.05,,
17.09.2015 17:00,30.53,,28.14,,86.41,,"1,005.98",,0.38,,148.52,,14.65,,121.05,,
17.09.2015 18:00,34.78,,27.33,,83.09,,"1,006.47",,0.42,,179.43,,14.65,,121.05,,
17.09.2015 19:00,42.60,,27.16,,84.36,,"1,007.08",,0.28,,100.85,,14.65,,121.05,,
17.09.2015 20:00,45.68,,26.88,,87.42,,"1,007.43",,0.15,,66.45,,14.65,,121.05,,
17.09.2015 21:00,50.65,,27.03,,87.30,,"1,008.09",,0.21,,44.90,,14.65,,121.05,,
17.09.2015 22:00,53.79,,26.83,,87.49,,"1,008.89",,0.17,,130.00,,14.65,,121.05,,
17.09.2015 23:00,78.77,,26.60,,90.04,,"1,009.18",,0.25,,63.80,,14.65,,121.05,,